-- phpMyAdmin SQL Dump
-- version 4.5.0.2
-- http://www.phpmyadmin.net
--
-- Host: 127.0.0.1
-- Generation Time: Aug 26, 2019 at 05:46 AM
-- Server version: 10.0.17-MariaDB
-- PHP Version: 5.6.14

SET SQL_MODE = "NO_AUTO_VALUE_ON_ZERO";
SET time_zone = "+00:00";


/*!40101 SET @OLD_CHARACTER_SET_CLIENT=@@CHARACTER_SET_CLIENT */;
/*!40101 SET @OLD_CHARACTER_SET_RESULTS=@@CHARACTER_SET_RESULTS */;
/*!40101 SET @OLD_COLLATION_CONNECTION=@@COLLATION_CONNECTION */;
/*!40101 SET NAMES utf8mb4 */;

--
-- Database: `sim_penjualan`
--

-- --------------------------------------------------------

--
-- Table structure for table `pj_akses`
--

CREATE TABLE `pj_akses` (
  `id_akses` tinyint(1) UNSIGNED NOT NULL,
  `label` varchar(10) NOT NULL,
  `level_akses` varchar(15) NOT NULL
) ENGINE=MyISAM DEFAULT CHARSET=latin1;

--
-- Dumping data for table `pj_akses`
--

INSERT INTO `pj_akses` (`id_akses`, `label`, `level_akses`) VALUES
(1, 'admin', 'Administrator'),
(2, 'kasir', 'Staff Kasir'),
(3, 'inventory', 'Staff Inventory'),
(4, 'keuangan', 'Staff Keuangan');

-- --------------------------------------------------------

--
-- Table structure for table `pj_barang`
--

CREATE TABLE `pj_barang` (
  `id_barang` int(1) UNSIGNED NOT NULL,
  `kode_barang` varchar(40) NOT NULL,
  `kd_barang` varchar(10) NOT NULL,
  `satuan` varchar(15) NOT NULL,
  `tanggal_masuk` date NOT NULL,
  `nama_barang` varchar(60) NOT NULL,
  `total_stok` mediumint(1) UNSIGNED NOT NULL,
  `harga` decimal(10,0) NOT NULL,
  `id_kategori_barang` mediumint(1) UNSIGNED NOT NULL,
  `keterangan` text NOT NULL,
  `ket_lain` varchar(15) NOT NULL,
  `dihapus` enum('tidak','ya') NOT NULL
) ENGINE=MyISAM DEFAULT CHARSET=latin1;

--
-- Dumping data for table `pj_barang`
--

INSERT INTO `pj_barang` (`id_barang`, `kode_barang`, `kd_barang`, `satuan`, `tanggal_masuk`, `nama_barang`, `total_stok`, `harga`, `id_kategori_barang`, `keterangan`, `ket_lain`, `dihapus`) VALUES
(1, '0001', 'b00001', 'BOTOL', '2019-07-02', 'Collanide', 0, '400000', 1, 'klinik', 'obat', 'tidak'),
(2, '0002', 'b00002', 'BOTOL', '2019-07-02', 'Bromekine', 28, '120000', 1, 'klinik', 'obat', 'tidak'),
(18, '0004', 'b00004', 'BOTOL', '2019-07-02', 'Zulam', 0, '145000', 1, 'online', 'obat', 'tidak'),
(17, '0003', 'b00003', 'PCS', '2019-07-02', 'Caria', 54, '120000', 1, 'online', 'obat', 'tidak'),
(19, '0005', 'b00005', 'PCS', '2019-07-03', 'autoimun', 59, '120000', 1, 'online', 'obat', 'tidak'),
(3, 'J0001', '', '', '2019-07-17', 'Treadmil', 0, '100000', 0, 'klinik', 'jasa', 'tidak'),
(47, '0006', 'b00004', 'BOTOL', '2019-07-11', 'Zulam', 6, '145000', 1, 'klinik', 'obat', 'tidak'),
(53, '0009', 'b00003', 'PCS', '2019-07-11', 'Caria', 0, '120000', 1, 'klinik', 'obat', 'tidak'),
(51, '0008', 'b00005', 'PCS', '2019-07-11', 'autoimun', 31, '120000', 1, 'klinik', 'obat', 'tidak'),
(4, 'J0002', '', '', '2019-07-17', 'EKG', 1, '150000', 0, 'klinik', 'jasa', 'tidak'),
(7, 'O0001', '', '', '0000-00-00', 'Ongkos Kirim', 1, '0', 0, 'klinik', 'jasa', 'tidak'),
(9, 'O0002', '', '', '0000-00-00', 'Ongkos Kirim', 1, '0', 0, 'online', 'jasa', 'tidak'),
(54, '0010', 'b00003', 'PCS', '2019-08-15', 'Caria', 50, '120000', 1, 'klinik', 'obat', 'tidak'),
(63, 'Pro', '', 'Botol', '2019-08-15', 'Proimune', 120, '140000', 1, 'online', 'obat', 'tidak');

-- --------------------------------------------------------

--
-- Table structure for table `pj_ci_sessions`
--

CREATE TABLE `pj_ci_sessions` (
  `id` varchar(40) NOT NULL,
  `ip_address` varchar(45) NOT NULL,
  `timestamp` int(10) UNSIGNED NOT NULL DEFAULT '0',
  `data` blob NOT NULL
) ENGINE=InnoDB DEFAULT CHARSET=latin1;

--
-- Dumping data for table `pj_ci_sessions`
--

INSERT INTO `pj_ci_sessions` (`id`, `ip_address`, `timestamp`, `data`) VALUES
('f244be05b8e425ed0881d858aca4dc59c8460ca5', '::1', 1565403299, 0x5f5f63695f6c6173745f726567656e65726174657c693a313536353430333237353b61705f69645f757365727c733a313a2231223b61705f70617373776f72647c733a34303a2264303333653232616533343861656235363630666332313430616563333538353063346461393937223b61705f6e616d617c733a31303a2242616e672041646d696e223b61705f6c6576656c7c733a353a2261646d696e223b61705f6c6576656c5f63617074696f6e7c733a31333a2241646d696e6973747261746f72223b),
('523c4837500950a4105e3f1406436effac04804f', '::1', 1565404061, 0x5f5f63695f6c6173745f726567656e65726174657c693a313536353430333832333b61705f69645f757365727c733a313a2231223b61705f70617373776f72647c733a34303a2264303333653232616533343861656235363630666332313430616563333538353063346461393937223b61705f6e616d617c733a31303a2242616e672041646d696e223b61705f6c6576656c7c733a353a2261646d696e223b61705f6c6576656c5f63617074696f6e7c733a31333a2241646d696e6973747261746f72223b),
('304b939ec415fb0d25f640c605a0129370e99650', '::1', 1565404471, 0x5f5f63695f6c6173745f726567656e65726174657c693a313536353430343330303b61705f69645f757365727c733a313a2231223b61705f70617373776f72647c733a34303a2264303333653232616533343861656235363630666332313430616563333538353063346461393937223b61705f6e616d617c733a31303a2242616e672041646d696e223b61705f6c6576656c7c733a353a2261646d696e223b61705f6c6576656c5f63617074696f6e7c733a31333a2241646d696e6973747261746f72223b),
('45bbcf7381fca1d70f55c98afb3a8a6d47abdbc0', '::1', 1565405270, 0x5f5f63695f6c6173745f726567656e65726174657c693a313536353430353237303b61705f69645f757365727c733a313a2231223b61705f70617373776f72647c733a34303a2264303333653232616533343861656235363630666332313430616563333538353063346461393937223b61705f6e616d617c733a31303a2242616e672041646d696e223b61705f6c6576656c7c733a353a2261646d696e223b61705f6c6576656c5f63617074696f6e7c733a31333a2241646d696e6973747261746f72223b),
('1f36482ec575282cbe2e848396e5cdac26165344', '::1', 1565405914, 0x5f5f63695f6c6173745f726567656e65726174657c693a313536353430353635383b61705f69645f757365727c733a313a2231223b61705f70617373776f72647c733a34303a2264303333653232616533343861656235363630666332313430616563333538353063346461393937223b61705f6e616d617c733a31303a2242616e672041646d696e223b61705f6c6576656c7c733a353a2261646d696e223b61705f6c6576656c5f63617074696f6e7c733a31333a2241646d696e6973747261746f72223b),
('ee5c1edaca1108909a6060412861908a23ff2502', '::1', 1565406283, 0x5f5f63695f6c6173745f726567656e65726174657c693a313536353430353938343b61705f69645f757365727c733a313a2231223b61705f70617373776f72647c733a34303a2264303333653232616533343861656235363630666332313430616563333538353063346461393937223b61705f6e616d617c733a31303a2242616e672041646d696e223b61705f6c6576656c7c733a353a2261646d696e223b61705f6c6576656c5f63617074696f6e7c733a31333a2241646d696e6973747261746f72223b),
('199d2d31959b02d01cff9bdbbb8004aa6c656c0d', '::1', 1565406451, 0x5f5f63695f6c6173745f726567656e65726174657c693a313536353430363334323b61705f69645f757365727c733a313a2231223b61705f70617373776f72647c733a34303a2264303333653232616533343861656235363630666332313430616563333538353063346461393937223b61705f6e616d617c733a31303a2242616e672041646d696e223b61705f6c6576656c7c733a353a2261646d696e223b61705f6c6576656c5f63617074696f6e7c733a31333a2241646d696e6973747261746f72223b),
('a300e4463840b74d40f9fd1d8fbf4936ca9352ac', '::1', 1565407158, 0x5f5f63695f6c6173745f726567656e65726174657c693a313536353430363836353b61705f69645f757365727c733a313a2231223b61705f70617373776f72647c733a34303a2264303333653232616533343861656235363630666332313430616563333538353063346461393937223b61705f6e616d617c733a31303a2242616e672041646d696e223b61705f6c6576656c7c733a353a2261646d696e223b61705f6c6576656c5f63617074696f6e7c733a31333a2241646d696e6973747261746f72223b),
('f353b07ff6fd39cde4917f74d6c718680607e3e3', '::1', 1565407510, 0x5f5f63695f6c6173745f726567656e65726174657c693a313536353430373233333b61705f69645f757365727c733a313a2231223b61705f70617373776f72647c733a34303a2264303333653232616533343861656235363630666332313430616563333538353063346461393937223b61705f6e616d617c733a31303a2242616e672041646d696e223b61705f6c6576656c7c733a353a2261646d696e223b61705f6c6576656c5f63617074696f6e7c733a31333a2241646d696e6973747261746f72223b),
('ef60d30384a2b6aefaa27a77f74616bcd03e796a', '::1', 1565410271, 0x5f5f63695f6c6173745f726567656e65726174657c693a313536353431303038343b61705f69645f757365727c733a313a2231223b61705f70617373776f72647c733a34303a2264303333653232616533343861656235363630666332313430616563333538353063346461393937223b61705f6e616d617c733a31303a2242616e672041646d696e223b61705f6c6576656c7c733a353a2261646d696e223b61705f6c6576656c5f63617074696f6e7c733a31333a2241646d696e6973747261746f72223b),
('cdaa863ff06fd9b9e91789395adf26593c21867c', '::1', 1565411081, 0x5f5f63695f6c6173745f726567656e65726174657c693a313536353431303538393b61705f69645f757365727c733a313a2231223b61705f70617373776f72647c733a34303a2264303333653232616533343861656235363630666332313430616563333538353063346461393937223b61705f6e616d617c733a31303a2242616e672041646d696e223b61705f6c6576656c7c733a353a2261646d696e223b61705f6c6576656c5f63617074696f6e7c733a31333a2241646d696e6973747261746f72223b),
('0fba6b1013f75708f7b5beed29ff1c90358fe54d', '::1', 1565411195, 0x5f5f63695f6c6173745f726567656e65726174657c693a313536353431313138393b61705f69645f757365727c733a313a2231223b61705f70617373776f72647c733a34303a2264303333653232616533343861656235363630666332313430616563333538353063346461393937223b61705f6e616d617c733a31303a2242616e672041646d696e223b61705f6c6576656c7c733a353a2261646d696e223b61705f6c6576656c5f63617074696f6e7c733a31333a2241646d696e6973747261746f72223b),
('f378556b3203bfc82c9f78e460360078412508ec', '::1', 1565411878, 0x5f5f63695f6c6173745f726567656e65726174657c693a313536353431313730313b61705f69645f757365727c733a313a2231223b61705f70617373776f72647c733a34303a2264303333653232616533343861656235363630666332313430616563333538353063346461393937223b61705f6e616d617c733a31303a2242616e672041646d696e223b61705f6c6576656c7c733a353a2261646d696e223b61705f6c6576656c5f63617074696f6e7c733a31333a2241646d696e6973747261746f72223b),
('c34fa79fccb472b7b523a583e02aa96216de2a37', '::1', 1565412426, 0x5f5f63695f6c6173745f726567656e65726174657c693a313536353431323132343b61705f69645f757365727c733a313a2231223b61705f70617373776f72647c733a34303a2264303333653232616533343861656235363630666332313430616563333538353063346461393937223b61705f6e616d617c733a31303a2242616e672041646d696e223b61705f6c6576656c7c733a353a2261646d696e223b61705f6c6576656c5f63617074696f6e7c733a31333a2241646d696e6973747261746f72223b),
('f1afd65d0f02b3d485a840fd62915460c91b1be8', '::1', 1565412744, 0x5f5f63695f6c6173745f726567656e65726174657c693a313536353431323434313b61705f69645f757365727c733a313a2231223b61705f70617373776f72647c733a34303a2264303333653232616533343861656235363630666332313430616563333538353063346461393937223b61705f6e616d617c733a31303a2242616e672041646d696e223b61705f6c6576656c7c733a353a2261646d696e223b61705f6c6576656c5f63617074696f6e7c733a31333a2241646d696e6973747261746f72223b),
('70e5bb92bcbd6ec9354d7fcffdd4396e8d89b796', '::1', 1565412744, 0x5f5f63695f6c6173745f726567656e65726174657c693a313536353431323734343b61705f69645f757365727c733a313a2231223b61705f70617373776f72647c733a34303a2264303333653232616533343861656235363630666332313430616563333538353063346461393937223b61705f6e616d617c733a31303a2242616e672041646d696e223b61705f6c6576656c7c733a353a2261646d696e223b61705f6c6576656c5f63617074696f6e7c733a31333a2241646d696e6973747261746f72223b),
('4e5c053de8042650f52329dd9972431da9c4d13a', '::1', 1565413039, 0x5f5f63695f6c6173745f726567656e65726174657c693a313536353431323734343b61705f69645f757365727c733a313a2231223b61705f70617373776f72647c733a34303a2264303333653232616533343861656235363630666332313430616563333538353063346461393937223b61705f6e616d617c733a31303a2242616e672041646d696e223b61705f6c6576656c7c733a353a2261646d696e223b61705f6c6576656c5f63617074696f6e7c733a31333a2241646d696e6973747261746f72223b),
('61eff547fc2f9f6bfc549be33d7b4cd79adaa7c8', '::1', 1565413205, 0x5f5f63695f6c6173745f726567656e65726174657c693a313536353431333037383b61705f69645f757365727c733a313a2231223b61705f70617373776f72647c733a34303a2264303333653232616533343861656235363630666332313430616563333538353063346461393937223b61705f6e616d617c733a31303a2242616e672041646d696e223b61705f6c6576656c7c733a353a2261646d696e223b61705f6c6576656c5f63617074696f6e7c733a31333a2241646d696e6973747261746f72223b),
('102e69dc37996720cf6766e2deb06fab08f7631e', '::1', 1565415110, 0x5f5f63695f6c6173745f726567656e65726174657c693a313536353431343831303b61705f69645f757365727c733a313a2231223b61705f70617373776f72647c733a34303a2264303333653232616533343861656235363630666332313430616563333538353063346461393937223b61705f6e616d617c733a31303a2242616e672041646d696e223b61705f6c6576656c7c733a353a2261646d696e223b61705f6c6576656c5f63617074696f6e7c733a31333a2241646d696e6973747261746f72223b),
('db95474829144d9087faca60a026bc2861fb90c8', '::1', 1565415112, 0x5f5f63695f6c6173745f726567656e65726174657c693a313536353431353131323b61705f69645f757365727c733a313a2231223b61705f70617373776f72647c733a34303a2264303333653232616533343861656235363630666332313430616563333538353063346461393937223b61705f6e616d617c733a31303a2242616e672041646d696e223b61705f6c6576656c7c733a353a2261646d696e223b61705f6c6576656c5f63617074696f6e7c733a31333a2241646d696e6973747261746f72223b),
('f6c50bc42876d0225fa6768b65f08c613251cf37', '::1', 1565415852, 0x5f5f63695f6c6173745f726567656e65726174657c693a313536353431353834393b61705f69645f757365727c733a313a2231223b61705f70617373776f72647c733a34303a2264303333653232616533343861656235363630666332313430616563333538353063346461393937223b61705f6e616d617c733a31303a2242616e672041646d696e223b61705f6c6576656c7c733a353a2261646d696e223b61705f6c6576656c5f63617074696f6e7c733a31333a2241646d696e6973747261746f72223b),
('8a7a1ee0aa049efdb285859a52a2cae51880c494', '::1', 1565418688, 0x5f5f63695f6c6173745f726567656e65726174657c693a313536353431383434363b61705f69645f757365727c733a313a2231223b61705f70617373776f72647c733a34303a2264303333653232616533343861656235363630666332313430616563333538353063346461393937223b61705f6e616d617c733a31303a2242616e672041646d696e223b61705f6c6576656c7c733a353a2261646d696e223b61705f6c6576656c5f63617074696f6e7c733a31333a2241646d696e6973747261746f72223b),
('7f0dd4ce3a00ebb23bcb2f4fe72be3a0adde370c', '::1', 1565419969, 0x5f5f63695f6c6173745f726567656e65726174657c693a313536353431393936363b61705f69645f757365727c733a313a2231223b61705f70617373776f72647c733a34303a2264303333653232616533343861656235363630666332313430616563333538353063346461393937223b61705f6e616d617c733a31303a2242616e672041646d696e223b61705f6c6576656c7c733a353a2261646d696e223b61705f6c6576656c5f63617074696f6e7c733a31333a2241646d696e6973747261746f72223b),
('8a8100d5493b61fc8372216b8e6fcde103e8f9d3', '::1', 1565422063, 0x5f5f63695f6c6173745f726567656e65726174657c693a313536353432323036333b61705f69645f757365727c733a313a2231223b61705f70617373776f72647c733a34303a2264303333653232616533343861656235363630666332313430616563333538353063346461393937223b61705f6e616d617c733a31303a2242616e672041646d696e223b61705f6c6576656c7c733a353a2261646d696e223b61705f6c6576656c5f63617074696f6e7c733a31333a2241646d696e6973747261746f72223b),
('8a72c71733e51079e0ef0f77862bb465883a9d59', '::1', 1565424836, 0x5f5f63695f6c6173745f726567656e65726174657c693a313536353432343833363b61705f69645f757365727c733a313a2231223b61705f70617373776f72647c733a34303a2264303333653232616533343861656235363630666332313430616563333538353063346461393937223b61705f6e616d617c733a31303a2242616e672041646d696e223b61705f6c6576656c7c733a353a2261646d696e223b61705f6c6576656c5f63617074696f6e7c733a31333a2241646d696e6973747261746f72223b),
('b003697d51ae11d6c0e4cea0766d18b4c6759040', '::1', 1565577247, 0x5f5f63695f6c6173745f726567656e65726174657c693a313536353537373032313b61705f69645f757365727c733a313a2231223b61705f70617373776f72647c733a34303a2264303333653232616533343861656235363630666332313430616563333538353063346461393937223b61705f6e616d617c733a31303a2242616e672041646d696e223b61705f6c6576656c7c733a353a2261646d696e223b61705f6c6576656c5f63617074696f6e7c733a31333a2241646d696e6973747261746f72223b),
('066cdf309795cb681065ba4446178889bce531fe', '::1', 1565577602, 0x5f5f63695f6c6173745f726567656e65726174657c693a313536353537373336333b61705f69645f757365727c733a313a2231223b61705f70617373776f72647c733a34303a2264303333653232616533343861656235363630666332313430616563333538353063346461393937223b61705f6e616d617c733a31303a2242616e672041646d696e223b61705f6c6576656c7c733a353a2261646d696e223b61705f6c6576656c5f63617074696f6e7c733a31333a2241646d696e6973747261746f72223b),
('2c7ffe43dd61c3a6eab36a176fa0353870da0181', '::1', 1565577841, 0x5f5f63695f6c6173745f726567656e65726174657c693a313536353537373732343b61705f69645f757365727c733a313a2231223b61705f70617373776f72647c733a34303a2264303333653232616533343861656235363630666332313430616563333538353063346461393937223b61705f6e616d617c733a31303a2242616e672041646d696e223b61705f6c6576656c7c733a353a2261646d696e223b61705f6c6576656c5f63617074696f6e7c733a31333a2241646d696e6973747261746f72223b),
('99b8bb565ad0fd3fef55b89c7f88d54ad13ffd96', '::1', 1565578124, 0x5f5f63695f6c6173745f726567656e65726174657c693a313536353537383036333b61705f69645f757365727c733a313a2231223b61705f70617373776f72647c733a34303a2264303333653232616533343861656235363630666332313430616563333538353063346461393937223b61705f6e616d617c733a31303a2242616e672041646d696e223b61705f6c6576656c7c733a353a2261646d696e223b61705f6c6576656c5f63617074696f6e7c733a31333a2241646d696e6973747261746f72223b),
('bb03943908053164c961bfdf80e786758219b502', '::1', 1565578981, 0x5f5f63695f6c6173745f726567656e65726174657c693a313536353537383338363b61705f69645f757365727c733a313a2231223b61705f70617373776f72647c733a34303a2264303333653232616533343861656235363630666332313430616563333538353063346461393937223b61705f6e616d617c733a31303a2242616e672041646d696e223b61705f6c6576656c7c733a353a2261646d696e223b61705f6c6576656c5f63617074696f6e7c733a31333a2241646d696e6973747261746f72223b),
('8e0c625dd9b62c461b3d8fc102c008341d78946b', '::1', 1565579646, 0x5f5f63695f6c6173745f726567656e65726174657c693a313536353537393531393b61705f69645f757365727c733a313a2231223b61705f70617373776f72647c733a34303a2264303333653232616533343861656235363630666332313430616563333538353063346461393937223b61705f6e616d617c733a31303a2242616e672041646d696e223b61705f6c6576656c7c733a353a2261646d696e223b61705f6c6576656c5f63617074696f6e7c733a31333a2241646d696e6973747261746f72223b),
('10c5587a9958f5a3a14e0853b5b3d3d36777551b', '::1', 1565580411, 0x5f5f63695f6c6173745f726567656e65726174657c693a313536353537393832313b61705f69645f757365727c733a313a2231223b61705f70617373776f72647c733a34303a2264303333653232616533343861656235363630666332313430616563333538353063346461393937223b61705f6e616d617c733a31303a2242616e672041646d696e223b61705f6c6576656c7c733a353a2261646d696e223b61705f6c6576656c5f63617074696f6e7c733a31333a2241646d696e6973747261746f72223b),
('836d9747399d589dcd16a370a1931eea7d476e10', '::1', 1565580723, 0x5f5f63695f6c6173745f726567656e65726174657c693a313536353538303433393b61705f69645f757365727c733a313a2231223b61705f70617373776f72647c733a34303a2264303333653232616533343861656235363630666332313430616563333538353063346461393937223b61705f6e616d617c733a31303a2242616e672041646d696e223b61705f6c6576656c7c733a353a2261646d696e223b61705f6c6576656c5f63617074696f6e7c733a31333a2241646d696e6973747261746f72223b),
('0b8fe175812a941659071a032d888f87d766b740', '::1', 1565580758, 0x5f5f63695f6c6173745f726567656e65726174657c693a313536353538303734303b61705f69645f757365727c733a313a2231223b61705f70617373776f72647c733a34303a2264303333653232616533343861656235363630666332313430616563333538353063346461393937223b61705f6e616d617c733a31303a2242616e672041646d696e223b61705f6c6576656c7c733a353a2261646d696e223b61705f6c6576656c5f63617074696f6e7c733a31333a2241646d696e6973747261746f72223b),
('c03ea1ef813d5028081e3f984a7afda01cafdfe1', '::1', 1565581375, 0x5f5f63695f6c6173745f726567656e65726174657c693a313536353538313034323b61705f69645f757365727c733a313a2231223b61705f70617373776f72647c733a34303a2264303333653232616533343861656235363630666332313430616563333538353063346461393937223b61705f6e616d617c733a31303a2242616e672041646d696e223b61705f6c6576656c7c733a353a2261646d696e223b61705f6c6576656c5f63617074696f6e7c733a31333a2241646d696e6973747261746f72223b),
('3fb8f6bd6c81f6d61460ba487167fabd38cb4db5', '::1', 1565581646, 0x5f5f63695f6c6173745f726567656e65726174657c693a313536353538313338343b61705f69645f757365727c733a313a2231223b61705f70617373776f72647c733a34303a2264303333653232616533343861656235363630666332313430616563333538353063346461393937223b61705f6e616d617c733a31303a2242616e672041646d696e223b61705f6c6576656c7c733a353a2261646d696e223b61705f6c6576656c5f63617074696f6e7c733a31333a2241646d696e6973747261746f72223b),
('a63125bc3bfda59bb2f3ee27253e60ce1cbffa81', '::1', 1565581908, 0x5f5f63695f6c6173745f726567656e65726174657c693a313536353538313734353b61705f69645f757365727c733a313a2231223b61705f70617373776f72647c733a34303a2264303333653232616533343861656235363630666332313430616563333538353063346461393937223b61705f6e616d617c733a31303a2242616e672041646d696e223b61705f6c6576656c7c733a353a2261646d696e223b61705f6c6576656c5f63617074696f6e7c733a31333a2241646d696e6973747261746f72223b),
('c814df578a50ce9d3f090f14747a1c1857a4bd05', '::1', 1565583660, 0x5f5f63695f6c6173745f726567656e65726174657c693a313536353538333335363b61705f69645f757365727c733a313a2231223b61705f70617373776f72647c733a34303a2264303333653232616533343861656235363630666332313430616563333538353063346461393937223b61705f6e616d617c733a31303a2242616e672041646d696e223b61705f6c6576656c7c733a353a2261646d696e223b61705f6c6576656c5f63617074696f6e7c733a31333a2241646d696e6973747261746f72223b),
('b9b3529e485daf95de729a8dbee48290e9f7c414', '::1', 1565583671, 0x5f5f63695f6c6173745f726567656e65726174657c693a313536353538333637313b61705f69645f757365727c733a313a2231223b61705f70617373776f72647c733a34303a2264303333653232616533343861656235363630666332313430616563333538353063346461393937223b61705f6e616d617c733a31303a2242616e672041646d696e223b61705f6c6576656c7c733a353a2261646d696e223b61705f6c6576656c5f63617074696f6e7c733a31333a2241646d696e6973747261746f72223b),
('58f1ee38e191b36d8af67460bdcad5da6634c31f', '127.0.0.1', 1565592579, 0x5f5f63695f6c6173745f726567656e65726174657c693a313536353539323537383b61705f69645f757365727c733a313a2231223b61705f70617373776f72647c733a34303a2264303333653232616533343861656235363630666332313430616563333538353063346461393937223b61705f6e616d617c733a31303a2242616e672041646d696e223b61705f6c6576656c7c733a353a2261646d696e223b61705f6c6576656c5f63617074696f6e7c733a31333a2241646d696e6973747261746f72223b),
('a4b8e35b434bd132843b104e8d7b483890da7ef3', '::1', 1565594205, 0x5f5f63695f6c6173745f726567656e65726174657c693a313536353539343031393b61705f69645f757365727c733a313a2231223b61705f70617373776f72647c733a34303a2264303333653232616533343861656235363630666332313430616563333538353063346461393937223b61705f6e616d617c733a31303a2242616e672041646d696e223b61705f6c6576656c7c733a353a2261646d696e223b61705f6c6576656c5f63617074696f6e7c733a31333a2241646d696e6973747261746f72223b),
('442a696384c49df0aaa9aeb6442aabcd57c604e1', '::1', 1565594832, 0x5f5f63695f6c6173745f726567656e65726174657c693a313536353539343532323b61705f69645f757365727c733a313a2231223b61705f70617373776f72647c733a34303a2264303333653232616533343861656235363630666332313430616563333538353063346461393937223b61705f6e616d617c733a31303a2242616e672041646d696e223b61705f6c6576656c7c733a353a2261646d696e223b61705f6c6576656c5f63617074696f6e7c733a31333a2241646d696e6973747261746f72223b),
('aa9bb543b5e79d5f5761efe94290d56df4c771d6', '::1', 1565595336, 0x5f5f63695f6c6173745f726567656e65726174657c693a313536353539353131313b61705f69645f757365727c733a313a2231223b61705f70617373776f72647c733a34303a2264303333653232616533343861656235363630666332313430616563333538353063346461393937223b61705f6e616d617c733a31303a2242616e672041646d696e223b61705f6c6576656c7c733a353a2261646d696e223b61705f6c6576656c5f63617074696f6e7c733a31333a2241646d696e6973747261746f72223b),
('0112cf78afa743e222774adea0f952bdcc533df2', '::1', 1565595912, 0x5f5f63695f6c6173745f726567656e65726174657c693a313536353539353631383b61705f69645f757365727c733a313a2231223b61705f70617373776f72647c733a34303a2264303333653232616533343861656235363630666332313430616563333538353063346461393937223b61705f6e616d617c733a31303a2242616e672041646d696e223b61705f6c6576656c7c733a353a2261646d696e223b61705f6c6576656c5f63617074696f6e7c733a31333a2241646d696e6973747261746f72223b),
('a64a274f9deccdc4e5c6fade1a65b610c8ca1e8b', '::1', 1565596444, 0x5f5f63695f6c6173745f726567656e65726174657c693a313536353539353934393b61705f69645f757365727c733a313a2231223b61705f70617373776f72647c733a34303a2264303333653232616533343861656235363630666332313430616563333538353063346461393937223b61705f6e616d617c733a31303a2242616e672041646d696e223b61705f6c6576656c7c733a353a2261646d696e223b61705f6c6576656c5f63617074696f6e7c733a31333a2241646d696e6973747261746f72223b),
('71a73d987756f0192788c3bb96f03cb0274a3f36', '::1', 1565596454, 0x5f5f63695f6c6173745f726567656e65726174657c693a313536353539363434343b61705f69645f757365727c733a313a2231223b61705f70617373776f72647c733a34303a2264303333653232616533343861656235363630666332313430616563333538353063346461393937223b61705f6e616d617c733a31303a2242616e672041646d696e223b61705f6c6576656c7c733a353a2261646d696e223b61705f6c6576656c5f63617074696f6e7c733a31333a2241646d696e6973747261746f72223b),
('4b141d1720a336b8a6ed936eb00f7397cbf60451', '::1', 1565597130, 0x5f5f63695f6c6173745f726567656e65726174657c693a313536353539363833383b61705f69645f757365727c733a313a2231223b61705f70617373776f72647c733a34303a2264303333653232616533343861656235363630666332313430616563333538353063346461393937223b61705f6e616d617c733a31303a2242616e672041646d696e223b61705f6c6576656c7c733a353a2261646d696e223b61705f6c6576656c5f63617074696f6e7c733a31333a2241646d696e6973747261746f72223b),
('c469e0408b27a7d5456bfe466dae6fa7869ab48b', '::1', 1565597378, 0x5f5f63695f6c6173745f726567656e65726174657c693a313536353539373134333b61705f69645f757365727c733a313a2231223b61705f70617373776f72647c733a34303a2264303333653232616533343861656235363630666332313430616563333538353063346461393937223b61705f6e616d617c733a31303a2242616e672041646d696e223b61705f6c6576656c7c733a353a2261646d696e223b61705f6c6576656c5f63617074696f6e7c733a31333a2241646d696e6973747261746f72223b),
('e802b33a1e1249cd1ee558da0281a52ca6a83295', '::1', 1565597567, 0x5f5f63695f6c6173745f726567656e65726174657c693a313536353539373531393b61705f69645f757365727c733a313a2231223b61705f70617373776f72647c733a34303a2264303333653232616533343861656235363630666332313430616563333538353063346461393937223b61705f6e616d617c733a31303a2242616e672041646d696e223b61705f6c6576656c7c733a353a2261646d696e223b61705f6c6576656c5f63617074696f6e7c733a31333a2241646d696e6973747261746f72223b),
('febdf35c807c0ecc18bcde51c6be319bb8ee6a6a', '::1', 1565598070, 0x5f5f63695f6c6173745f726567656e65726174657c693a313536353539373836333b61705f69645f757365727c733a313a2231223b61705f70617373776f72647c733a34303a2264303333653232616533343861656235363630666332313430616563333538353063346461393937223b61705f6e616d617c733a31303a2242616e672041646d696e223b61705f6c6576656c7c733a353a2261646d696e223b61705f6c6576656c5f63617074696f6e7c733a31333a2241646d696e6973747261746f72223b),
('db48a0086b4f94b943edd56120e529428233dc09', '::1', 1565598234, 0x5f5f63695f6c6173745f726567656e65726174657c693a313536353539383232373b61705f69645f757365727c733a313a2231223b61705f70617373776f72647c733a34303a2264303333653232616533343861656235363630666332313430616563333538353063346461393937223b61705f6e616d617c733a31303a2242616e672041646d696e223b61705f6c6576656c7c733a353a2261646d696e223b61705f6c6576656c5f63617074696f6e7c733a31333a2241646d696e6973747261746f72223b),
('01323aff19026b610aaffa2da204d6a8d384f268', '::1', 1565599064, 0x5f5f63695f6c6173745f726567656e65726174657c693a313536353539383831333b61705f69645f757365727c733a313a2231223b61705f70617373776f72647c733a34303a2264303333653232616533343861656235363630666332313430616563333538353063346461393937223b61705f6e616d617c733a31303a2242616e672041646d696e223b61705f6c6576656c7c733a353a2261646d696e223b61705f6c6576656c5f63617074696f6e7c733a31333a2241646d696e6973747261746f72223b),
('fd4e30619c1ee0d559e3a6f5402cf66a5d8652a3', '::1', 1565599480, 0x5f5f63695f6c6173745f726567656e65726174657c693a313536353539393230363b61705f69645f757365727c733a313a2231223b61705f70617373776f72647c733a34303a2264303333653232616533343861656235363630666332313430616563333538353063346461393937223b61705f6e616d617c733a31303a2242616e672041646d696e223b61705f6c6576656c7c733a353a2261646d696e223b61705f6c6576656c5f63617074696f6e7c733a31333a2241646d696e6973747261746f72223b),
('16bf3b64c8b159a6038978767a057debae5eb980', '::1', 1565661915, 0x5f5f63695f6c6173745f726567656e65726174657c693a313536353636313931323b61705f69645f757365727c733a313a2231223b61705f70617373776f72647c733a34303a2264303333653232616533343861656235363630666332313430616563333538353063346461393937223b61705f6e616d617c733a31303a2242616e672041646d696e223b61705f6c6576656c7c733a353a2261646d696e223b61705f6c6576656c5f63617074696f6e7c733a31333a2241646d696e6973747261746f72223b),
('69220182623051f7a539c597c6399d5812813ec2', '::1', 1565663774, 0x5f5f63695f6c6173745f726567656e65726174657c693a313536353636333737343b61705f69645f757365727c733a313a2231223b61705f70617373776f72647c733a34303a2264303333653232616533343861656235363630666332313430616563333538353063346461393937223b61705f6e616d617c733a31303a2242616e672041646d696e223b61705f6c6576656c7c733a353a2261646d696e223b61705f6c6576656c5f63617074696f6e7c733a31333a2241646d696e6973747261746f72223b),
('928fc4c8e2ea885f6fe6dff6000a71b5c40105d6', '::1', 1565664709, 0x5f5f63695f6c6173745f726567656e65726174657c693a313536353636343338313b61705f69645f757365727c733a313a2231223b61705f70617373776f72647c733a34303a2264303333653232616533343861656235363630666332313430616563333538353063346461393937223b61705f6e616d617c733a31303a2242616e672041646d696e223b61705f6c6576656c7c733a353a2261646d696e223b61705f6c6576656c5f63617074696f6e7c733a31333a2241646d696e6973747261746f72223b),
('fe5533e58c51b973385f10b42e50e1c07716f9c5', '::1', 1565664953, 0x5f5f63695f6c6173745f726567656e65726174657c693a313536353636343838313b61705f69645f757365727c733a313a2231223b61705f70617373776f72647c733a34303a2264303333653232616533343861656235363630666332313430616563333538353063346461393937223b61705f6e616d617c733a31303a2242616e672041646d696e223b61705f6c6576656c7c733a353a2261646d696e223b61705f6c6576656c5f63617074696f6e7c733a31333a2241646d696e6973747261746f72223b),
('2dbf6af874cdc414babbd6748e4cdab1433ef388', '::1', 1565665435, 0x5f5f63695f6c6173745f726567656e65726174657c693a313536353636353236333b61705f69645f757365727c733a313a2231223b61705f70617373776f72647c733a34303a2264303333653232616533343861656235363630666332313430616563333538353063346461393937223b61705f6e616d617c733a31303a2242616e672041646d696e223b61705f6c6576656c7c733a353a2261646d696e223b61705f6c6576656c5f63617074696f6e7c733a31333a2241646d696e6973747261746f72223b),
('249f9929be15c518eb89a2980522ff543f2db741', '::1', 1565665878, 0x5f5f63695f6c6173745f726567656e65726174657c693a313536353636353631373b61705f69645f757365727c733a313a2231223b61705f70617373776f72647c733a34303a2264303333653232616533343861656235363630666332313430616563333538353063346461393937223b61705f6e616d617c733a31303a2242616e672041646d696e223b61705f6c6576656c7c733a353a2261646d696e223b61705f6c6576656c5f63617074696f6e7c733a31333a2241646d696e6973747261746f72223b),
('b089530c6ad9f98695faea283b4127e058f0fb94', '::1', 1565666674, 0x5f5f63695f6c6173745f726567656e65726174657c693a313536353636363435313b61705f69645f757365727c733a313a2231223b61705f70617373776f72647c733a34303a2264303333653232616533343861656235363630666332313430616563333538353063346461393937223b61705f6e616d617c733a31303a2242616e672041646d696e223b61705f6c6576656c7c733a353a2261646d696e223b61705f6c6576656c5f63617074696f6e7c733a31333a2241646d696e6973747261746f72223b),
('3f2dda641a0c3e142cf2d87d7f79f3afcff3a5d2', '::1', 1565666877, 0x5f5f63695f6c6173745f726567656e65726174657c693a313536353636363736333b61705f69645f757365727c733a313a2231223b61705f70617373776f72647c733a34303a2264303333653232616533343861656235363630666332313430616563333538353063346461393937223b61705f6e616d617c733a31303a2242616e672041646d696e223b61705f6c6576656c7c733a353a2261646d696e223b61705f6c6576656c5f63617074696f6e7c733a31333a2241646d696e6973747261746f72223b),
('86ac79a0bd09ee5c5468c87af9ff8e4e42af23d1', '::1', 1565667439, 0x5f5f63695f6c6173745f726567656e65726174657c693a313536353636373339333b61705f69645f757365727c733a313a2231223b61705f70617373776f72647c733a34303a2264303333653232616533343861656235363630666332313430616563333538353063346461393937223b61705f6e616d617c733a31303a2242616e672041646d696e223b61705f6c6576656c7c733a353a2261646d696e223b61705f6c6576656c5f63617074696f6e7c733a31333a2241646d696e6973747261746f72223b),
('20e34fcd526ea9eac6c3e933a2b42f5e421b03e2', '::1', 1565667908, 0x5f5f63695f6c6173745f726567656e65726174657c693a313536353636373734313b61705f69645f757365727c733a313a2231223b61705f70617373776f72647c733a34303a2264303333653232616533343861656235363630666332313430616563333538353063346461393937223b61705f6e616d617c733a31303a2242616e672041646d696e223b61705f6c6576656c7c733a353a2261646d696e223b61705f6c6576656c5f63617074696f6e7c733a31333a2241646d696e6973747261746f72223b),
('086f1d84d969b092688d90cdd45b63e296cc354f', '::1', 1565668263, 0x5f5f63695f6c6173745f726567656e65726174657c693a313536353636383236333b61705f69645f757365727c733a313a2231223b61705f70617373776f72647c733a34303a2264303333653232616533343861656235363630666332313430616563333538353063346461393937223b61705f6e616d617c733a31303a2242616e672041646d696e223b61705f6c6576656c7c733a353a2261646d696e223b61705f6c6576656c5f63617074696f6e7c733a31333a2241646d696e6973747261746f72223b),
('881efe05d737aaa81548519c78998d60df5ad5a1', '::1', 1565668559, 0x5f5f63695f6c6173745f726567656e65726174657c693a313536353636383236333b61705f69645f757365727c733a313a2231223b61705f70617373776f72647c733a34303a2264303333653232616533343861656235363630666332313430616563333538353063346461393937223b61705f6e616d617c733a31303a2242616e672041646d696e223b61705f6c6576656c7c733a353a2261646d696e223b61705f6c6576656c5f63617074696f6e7c733a31333a2241646d696e6973747261746f72223b),
('2d92c96830f2ecbc923b2bfa108f338b784e21c6', '::1', 1565668793, 0x5f5f63695f6c6173745f726567656e65726174657c693a313536353636383639393b61705f69645f757365727c733a313a2231223b61705f70617373776f72647c733a34303a2264303333653232616533343861656235363630666332313430616563333538353063346461393937223b61705f6e616d617c733a31303a2242616e672041646d696e223b61705f6c6576656c7c733a353a2261646d696e223b61705f6c6576656c5f63617074696f6e7c733a31333a2241646d696e6973747261746f72223b),
('3d540ddc123d0a3eb5f9350148a24d2f43e2d409', '::1', 1565669525, 0x5f5f63695f6c6173745f726567656e65726174657c693a313536353636393138373b61705f69645f757365727c733a313a2231223b61705f70617373776f72647c733a34303a2264303333653232616533343861656235363630666332313430616563333538353063346461393937223b61705f6e616d617c733a31303a2242616e672041646d696e223b61705f6c6576656c7c733a353a2261646d696e223b61705f6c6576656c5f63617074696f6e7c733a31333a2241646d696e6973747261746f72223b),
('3f26edd082383b5155ed08b8740563422d076e4d', '::1', 1565669856, 0x5f5f63695f6c6173745f726567656e65726174657c693a313536353636393533373b61705f69645f757365727c733a313a2231223b61705f70617373776f72647c733a34303a2264303333653232616533343861656235363630666332313430616563333538353063346461393937223b61705f6e616d617c733a31303a2242616e672041646d696e223b61705f6c6576656c7c733a353a2261646d696e223b61705f6c6576656c5f63617074696f6e7c733a31333a2241646d696e6973747261746f72223b),
('f1b2aabe4597dfc19a2372182917767c3eb3adf5', '::1', 1565669868, 0x5f5f63695f6c6173745f726567656e65726174657c693a313536353636393836383b61705f69645f757365727c733a313a2231223b61705f70617373776f72647c733a34303a2264303333653232616533343861656235363630666332313430616563333538353063346461393937223b61705f6e616d617c733a31303a2242616e672041646d696e223b61705f6c6576656c7c733a353a2261646d696e223b61705f6c6576656c5f63617074696f6e7c733a31333a2241646d696e6973747261746f72223b),
('b39d2ac0737d15f224b96cfc7a7fac17a025e83f', '::1', 1565670254, 0x5f5f63695f6c6173745f726567656e65726174657c693a313536353637303235343b61705f69645f757365727c733a313a2231223b61705f70617373776f72647c733a34303a2264303333653232616533343861656235363630666332313430616563333538353063346461393937223b61705f6e616d617c733a31303a2242616e672041646d696e223b61705f6c6576656c7c733a353a2261646d696e223b61705f6c6576656c5f63617074696f6e7c733a31333a2241646d696e6973747261746f72223b),
('9d006877035fc310cc6fb1f235a64af4530aeb0c', '::1', 1565670254, 0x5f5f63695f6c6173745f726567656e65726174657c693a313536353637303235343b61705f69645f757365727c733a313a2231223b61705f70617373776f72647c733a34303a2264303333653232616533343861656235363630666332313430616563333538353063346461393937223b61705f6e616d617c733a31303a2242616e672041646d696e223b61705f6c6576656c7c733a353a2261646d696e223b61705f6c6576656c5f63617074696f6e7c733a31333a2241646d696e6973747261746f72223b),
('8567f2be988a77fd2b0b29f67a98cf3e8926c44c', '::1', 1565670568, 0x5f5f63695f6c6173745f726567656e65726174657c693a313536353637303235343b61705f69645f757365727c733a313a2231223b61705f70617373776f72647c733a34303a2264303333653232616533343861656235363630666332313430616563333538353063346461393937223b61705f6e616d617c733a31303a2242616e672041646d696e223b61705f6c6576656c7c733a353a2261646d696e223b61705f6c6576656c5f63617074696f6e7c733a31333a2241646d696e6973747261746f72223b),
('9b1598a2464f3341fd7d213f3fdccc5c81cd45f8', '::1', 1565670804, 0x5f5f63695f6c6173745f726567656e65726174657c693a313536353637303830343b61705f69645f757365727c733a313a2231223b61705f70617373776f72647c733a34303a2264303333653232616533343861656235363630666332313430616563333538353063346461393937223b61705f6e616d617c733a31303a2242616e672041646d696e223b61705f6c6576656c7c733a353a2261646d696e223b61705f6c6576656c5f63617074696f6e7c733a31333a2241646d696e6973747261746f72223b),
('8f724de5f12e0437695d7018f4c72f00dd4dece0', '::1', 1565671382, 0x5f5f63695f6c6173745f726567656e65726174657c693a313536353637313134323b61705f69645f757365727c733a313a2231223b61705f70617373776f72647c733a34303a2264303333653232616533343861656235363630666332313430616563333538353063346461393937223b61705f6e616d617c733a31303a2242616e672041646d696e223b61705f6c6576656c7c733a353a2261646d696e223b61705f6c6576656c5f63617074696f6e7c733a31333a2241646d696e6973747261746f72223b),
('f3ebd620395f4347aca70997ae773d190f9187b1', '::1', 1565671940, 0x5f5f63695f6c6173745f726567656e65726174657c693a313536353637313634313b61705f69645f757365727c733a313a2231223b61705f70617373776f72647c733a34303a2264303333653232616533343861656235363630666332313430616563333538353063346461393937223b61705f6e616d617c733a31303a2242616e672041646d696e223b61705f6c6576656c7c733a353a2261646d696e223b61705f6c6576656c5f63617074696f6e7c733a31333a2241646d696e6973747261746f72223b),
('54813308fb04c673514dbd57b911a320d390dedf', '::1', 1565671981, 0x5f5f63695f6c6173745f726567656e65726174657c693a313536353637313934323b61705f69645f757365727c733a313a2231223b61705f70617373776f72647c733a34303a2264303333653232616533343861656235363630666332313430616563333538353063346461393937223b61705f6e616d617c733a31303a2242616e672041646d696e223b61705f6c6576656c7c733a353a2261646d696e223b61705f6c6576656c5f63617074696f6e7c733a31333a2241646d696e6973747261746f72223b),
('11009353fff7405d0a30c80b7ddecdfb8e74f77a', '::1', 1565672985, 0x5f5f63695f6c6173745f726567656e65726174657c693a313536353637323935383b61705f69645f757365727c733a313a2232223b61705f70617373776f72647c733a34303a2237636637346161636232616266633939663036613037653864386537306138373062306562346661223b61705f6e616d617c733a393a224b6120536865696c61223b61705f6c6576656c7c733a353a226b61736972223b61705f6c6576656c5f63617074696f6e7c733a31313a225374616666204b61736972223b),
('6ce12b15a2ef2791cf0a0608255d6bd1ab0ce20c', '::1', 1565674309, 0x5f5f63695f6c6173745f726567656e65726174657c693a313536353637343330393b61705f69645f757365727c733a313a2232223b61705f70617373776f72647c733a34303a2237636637346161636232616266633939663036613037653864386537306138373062306562346661223b61705f6e616d617c733a393a224b6120536865696c61223b61705f6c6576656c7c733a353a226b61736972223b61705f6c6576656c5f63617074696f6e7c733a31313a225374616666204b61736972223b),
('2aa196035f7c7d259d849eff4ab950013029b3b4', '::1', 1565676671, 0x5f5f63695f6c6173745f726567656e65726174657c693a313536353637363637313b61705f69645f757365727c733a313a2232223b61705f70617373776f72647c733a34303a2237636637346161636232616266633939663036613037653864386537306138373062306562346661223b61705f6e616d617c733a393a224b6120536865696c61223b61705f6c6576656c7c733a353a226b61736972223b61705f6c6576656c5f63617074696f6e7c733a31313a225374616666204b61736972223b),
('72b762047f7aca2c6c1ab9d382c480e42b2cea72', '::1', 1565678701, 0x5f5f63695f6c6173745f726567656e65726174657c693a313536353637383531393b61705f69645f757365727c733a313a2232223b61705f70617373776f72647c733a34303a2237636637346161636232616266633939663036613037653864386537306138373062306562346661223b61705f6e616d617c733a393a224b6120536865696c61223b61705f6c6576656c7c733a353a226b61736972223b61705f6c6576656c5f63617074696f6e7c733a31313a225374616666204b61736972223b),
('4848a3a39d49a2cbed1b359d709f2e394df4443f', '::1', 1565679320, 0x5f5f63695f6c6173745f726567656e65726174657c693a313536353637393032313b61705f69645f757365727c733a313a2235223b61705f70617373776f72647c733a34303a2238613363666663303137323336393833636430353937643666333861363766663435313130333862223b61705f6e616d617c733a343a224e6f6e69223b61705f6c6576656c7c733a393a22696e76656e746f7279223b61705f6c6576656c5f63617074696f6e7c733a31353a22537461666620496e76656e746f7279223b),
('0324b3bc1a89b4b6ab800d5422937b95fbf4be61', '::1', 1565679608, 0x5f5f63695f6c6173745f726567656e65726174657c693a313536353637393335303b61705f69645f757365727c733a313a2235223b61705f70617373776f72647c733a34303a2238613363666663303137323336393833636430353937643666333861363766663435313130333862223b61705f6e616d617c733a343a224e6f6e69223b61705f6c6576656c7c733a393a22696e76656e746f7279223b61705f6c6576656c5f63617074696f6e7c733a31353a22537461666620496e76656e746f7279223b),
('d921222a40b9b30ac906419716d01fb9920c346e', '::1', 1565679867, 0x5f5f63695f6c6173745f726567656e65726174657c693a313536353637393635383b),
('295970413b44dd3a85b059a1de26c3991d38a4f3', '::1', 1565681309, 0x5f5f63695f6c6173745f726567656e65726174657c693a313536353638313235343b61705f69645f757365727c733a313a2231223b61705f70617373776f72647c733a34303a2264303333653232616533343861656235363630666332313430616563333538353063346461393937223b61705f6e616d617c733a31303a2242616e672041646d696e223b61705f6c6576656c7c733a353a2261646d696e223b61705f6c6576656c5f63617074696f6e7c733a31333a2241646d696e6973747261746f72223b),
('b30b8c6984d1870e0ded355b66c7d9bf3a193617', '192.168.1.12', 1565681394, 0x5f5f63695f6c6173745f726567656e65726174657c693a313536353638313339343b),
('c284f67965a6aa9a64daed7281b825b1bd057aaf', '192.168.1.26', 1565682487, 0x5f5f63695f6c6173745f726567656e65726174657c693a313536353638323232383b61705f69645f757365727c733a313a2231223b61705f70617373776f72647c733a34303a2264303333653232616533343861656235363630666332313430616563333538353063346461393937223b61705f6e616d617c733a31303a2242616e672041646d696e223b61705f6c6576656c7c733a353a2261646d696e223b61705f6c6576656c5f63617074696f6e7c733a31333a2241646d696e6973747261746f72223b),
('1607e16f25fd5efae31b4403e1ff33e4466e0f91', '192.168.1.12', 1565682449, 0x5f5f63695f6c6173745f726567656e65726174657c693a313536353638323434393b),
('d5f92299dfefc35d6479741d6ccc1557098c2632', '::1', 1565682469, 0x5f5f63695f6c6173745f726567656e65726174657c693a313536353638323436393b61705f69645f757365727c733a313a2231223b61705f70617373776f72647c733a34303a2264303333653232616533343861656235363630666332313430616563333538353063346461393937223b61705f6e616d617c733a31303a2242616e672041646d696e223b61705f6c6576656c7c733a353a2261646d696e223b61705f6c6576656c5f63617074696f6e7c733a31333a2241646d696e6973747261746f72223b),
('89c2aa23ab9de0bc8f6db2a7519322f429fd6484', '192.168.1.26', 1565682796, 0x5f5f63695f6c6173745f726567656e65726174657c693a313536353638323533373b61705f69645f757365727c733a313a2235223b61705f70617373776f72647c733a34303a2238613363666663303137323336393833636430353937643666333861363766663435313130333862223b61705f6e616d617c733a343a224e6f6e69223b61705f6c6576656c7c733a393a22696e76656e746f7279223b61705f6c6576656c5f63617074696f6e7c733a31353a22537461666620496e76656e746f7279223b),
('ca79cb7d3a44c64acc53af51139b1223566995eb', '192.168.1.26', 1565683006, 0x5f5f63695f6c6173745f726567656e65726174657c693a313536353638323936303b61705f69645f757365727c733a313a2235223b61705f70617373776f72647c733a34303a2238613363666663303137323336393833636430353937643666333861363766663435313130333862223b61705f6e616d617c733a343a224e6f6e69223b61705f6c6576656c7c733a393a22696e76656e746f7279223b61705f6c6576656c5f63617074696f6e7c733a31353a22537461666620496e76656e746f7279223b),
('5fbce53df89c16e01287f9867b715d79052dbf44', '::1', 1565683393, 0x5f5f63695f6c6173745f726567656e65726174657c693a313536353638333339323b61705f69645f757365727c733a313a2231223b61705f70617373776f72647c733a34303a2264303333653232616533343861656235363630666332313430616563333538353063346461393937223b61705f6e616d617c733a31303a2242616e672041646d696e223b61705f6c6576656c7c733a353a2261646d696e223b61705f6c6576656c5f63617074696f6e7c733a31333a2241646d696e6973747261746f72223b),
('064991304491136f3e6d6d1fbc11e65ad3fc5f5f', '::1', 1565687220, 0x5f5f63695f6c6173745f726567656e65726174657c693a313536353638373231393b61705f69645f757365727c733a313a2231223b61705f70617373776f72647c733a34303a2264303333653232616533343861656235363630666332313430616563333538353063346461393937223b61705f6e616d617c733a31303a2242616e672041646d696e223b61705f6c6576656c7c733a353a2261646d696e223b61705f6c6576656c5f63617074696f6e7c733a31333a2241646d696e6973747261746f72223b),
('c77a89d318dfec8c5cc23abf7fe6cee1054155cc', '::1', 1565749023, 0x5f5f63695f6c6173745f726567656e65726174657c693a313536353734393032333b),
('9d5b9ef50c6d7dcbbce9aed8acb09856dee12164', '::1', 1565749436, 0x5f5f63695f6c6173745f726567656e65726174657c693a313536353734393334393b61705f69645f757365727c733a313a2231223b61705f70617373776f72647c733a34303a2264303333653232616533343861656235363630666332313430616563333538353063346461393937223b61705f6e616d617c733a31303a2242616e672041646d696e223b61705f6c6576656c7c733a353a2261646d696e223b61705f6c6576656c5f63617074696f6e7c733a31333a2241646d696e6973747261746f72223b),
('494a312f28c0eca9939aa263b2c008e57c696a2a', '::1', 1565750548, 0x5f5f63695f6c6173745f726567656e65726174657c693a313536353735303332363b61705f69645f757365727c733a313a2231223b61705f70617373776f72647c733a34303a2264303333653232616533343861656235363630666332313430616563333538353063346461393937223b61705f6e616d617c733a31303a2242616e672041646d696e223b61705f6c6576656c7c733a353a2261646d696e223b61705f6c6576656c5f63617074696f6e7c733a31333a2241646d696e6973747261746f72223b),
('7abda2ae9b334a5cee9c1cbfc71229688038d189', '::1', 1565751152, 0x5f5f63695f6c6173745f726567656e65726174657c693a313536353735303835383b61705f69645f757365727c733a313a2231223b61705f70617373776f72647c733a34303a2264303333653232616533343861656235363630666332313430616563333538353063346461393937223b61705f6e616d617c733a31303a2242616e672041646d696e223b61705f6c6576656c7c733a353a2261646d696e223b61705f6c6576656c5f63617074696f6e7c733a31333a2241646d696e6973747261746f72223b),
('22898fc0f9c2e3acf8a65fc76700d0e18a11c1d8', '::1', 1565751475, 0x5f5f63695f6c6173745f726567656e65726174657c693a313536353735313137393b61705f69645f757365727c733a313a2231223b61705f70617373776f72647c733a34303a2264303333653232616533343861656235363630666332313430616563333538353063346461393937223b61705f6e616d617c733a31303a2242616e672041646d696e223b61705f6c6576656c7c733a353a2261646d696e223b61705f6c6576656c5f63617074696f6e7c733a31333a2241646d696e6973747261746f72223b),
('86b15f04eb46ab5030b6a34eb50d595b958ceb99', '::1', 1565751806, 0x5f5f63695f6c6173745f726567656e65726174657c693a313536353735313532363b61705f69645f757365727c733a313a2231223b61705f70617373776f72647c733a34303a2264303333653232616533343861656235363630666332313430616563333538353063346461393937223b61705f6e616d617c733a31303a2242616e672041646d696e223b61705f6c6576656c7c733a353a2261646d696e223b61705f6c6576656c5f63617074696f6e7c733a31333a2241646d696e6973747261746f72223b),
('6a414a4efaa21f97d1400b94a57d08147ebd5f7f', '::1', 1565752051, 0x5f5f63695f6c6173745f726567656e65726174657c693a313536353735313835333b61705f69645f757365727c733a313a2231223b61705f70617373776f72647c733a34303a2264303333653232616533343861656235363630666332313430616563333538353063346461393937223b61705f6e616d617c733a31303a2242616e672041646d696e223b61705f6c6576656c7c733a353a2261646d696e223b61705f6c6576656c5f63617074696f6e7c733a31333a2241646d696e6973747261746f72223b),
('6d953244ea99b11bf82ba4bb5c1f345cd9ec6f08', '::1', 1565752847, 0x5f5f63695f6c6173745f726567656e65726174657c693a313536353735323231323b61705f69645f757365727c733a313a2231223b61705f70617373776f72647c733a34303a2264303333653232616533343861656235363630666332313430616563333538353063346461393937223b61705f6e616d617c733a31303a2242616e672041646d696e223b61705f6c6576656c7c733a353a2261646d696e223b61705f6c6576656c5f63617074696f6e7c733a31333a2241646d696e6973747261746f72223b),
('27d041dc3797558ade92da19fd96669cff22a869', '::1', 1565753109, 0x5f5f63695f6c6173745f726567656e65726174657c693a313536353735323835333b61705f69645f757365727c733a313a2231223b61705f70617373776f72647c733a34303a2264303333653232616533343861656235363630666332313430616563333538353063346461393937223b61705f6e616d617c733a31303a2242616e672041646d696e223b61705f6c6576656c7c733a353a2261646d696e223b61705f6c6576656c5f63617074696f6e7c733a31333a2241646d696e6973747261746f72223b),
('ccea753066c7c5d8bee36ed23556369bcb4b5f52', '::1', 1565753834, 0x5f5f63695f6c6173745f726567656e65726174657c693a313536353735333639363b61705f69645f757365727c733a313a2231223b61705f70617373776f72647c733a34303a2264303333653232616533343861656235363630666332313430616563333538353063346461393937223b61705f6e616d617c733a31303a2242616e672041646d696e223b61705f6c6576656c7c733a353a2261646d696e223b61705f6c6576656c5f63617074696f6e7c733a31333a2241646d696e6973747261746f72223b),
('1887166e649ef768f36cca9ac4d732a9720d0391', '::1', 1565754200, 0x5f5f63695f6c6173745f726567656e65726174657c693a313536353735343037333b61705f69645f757365727c733a313a2231223b61705f70617373776f72647c733a34303a2264303333653232616533343861656235363630666332313430616563333538353063346461393937223b61705f6e616d617c733a31303a2242616e672041646d696e223b61705f6c6576656c7c733a353a2261646d696e223b61705f6c6576656c5f63617074696f6e7c733a31333a2241646d696e6973747261746f72223b),
('b6c846bc4aa5d80792de2066b9b9c958b2d33ede', '::1', 1565755453, 0x5f5f63695f6c6173745f726567656e65726174657c693a313536353735353237363b61705f69645f757365727c733a313a2231223b61705f70617373776f72647c733a34303a2264303333653232616533343861656235363630666332313430616563333538353063346461393937223b61705f6e616d617c733a31303a2242616e672041646d696e223b61705f6c6576656c7c733a353a2261646d696e223b61705f6c6576656c5f63617074696f6e7c733a31333a2241646d696e6973747261746f72223b),
('26fb60577976b0cc571eec45421f5559e476cf01', '::1', 1565756325, 0x5f5f63695f6c6173745f726567656e65726174657c693a313536353735363136373b61705f69645f757365727c733a313a2231223b61705f70617373776f72647c733a34303a2264303333653232616533343861656235363630666332313430616563333538353063346461393937223b61705f6e616d617c733a31303a2242616e672041646d696e223b61705f6c6576656c7c733a353a2261646d696e223b61705f6c6576656c5f63617074696f6e7c733a31333a2241646d696e6973747261746f72223b),
('8be9b9709f734fdbc67b7c555b2d9f0159e29f04', '::1', 1565758504, 0x5f5f63695f6c6173745f726567656e65726174657c693a313536353735383331303b61705f69645f757365727c733a313a2231223b61705f70617373776f72647c733a34303a2264303333653232616533343861656235363630666332313430616563333538353063346461393937223b61705f6e616d617c733a31303a2242616e672041646d696e223b61705f6c6576656c7c733a353a2261646d696e223b61705f6c6576656c5f63617074696f6e7c733a31333a2241646d696e6973747261746f72223b),
('b9e26503ffc33811b34e23b6f4a5269045f26a70', '::1', 1565758960, 0x5f5f63695f6c6173745f726567656e65726174657c693a313536353735383637323b61705f69645f757365727c733a313a2231223b61705f70617373776f72647c733a34303a2264303333653232616533343861656235363630666332313430616563333538353063346461393937223b61705f6e616d617c733a31303a2242616e672041646d696e223b61705f6c6576656c7c733a353a2261646d696e223b61705f6c6576656c5f63617074696f6e7c733a31333a2241646d696e6973747261746f72223b),
('18be79319643db5156e6e2e9fa91b34985a6816f', '::1', 1565759304, 0x5f5f63695f6c6173745f726567656e65726174657c693a313536353735393032313b61705f69645f757365727c733a313a2231223b61705f70617373776f72647c733a34303a2264303333653232616533343861656235363630666332313430616563333538353063346461393937223b61705f6e616d617c733a31303a2242616e672041646d696e223b61705f6c6576656c7c733a353a2261646d696e223b61705f6c6576656c5f63617074696f6e7c733a31333a2241646d696e6973747261746f72223b),
('006a0f4b1b361aa5775f68b0484916f870288f16', '::1', 1565759667, 0x5f5f63695f6c6173745f726567656e65726174657c693a313536353735393338343b61705f69645f757365727c733a313a2231223b61705f70617373776f72647c733a34303a2264303333653232616533343861656235363630666332313430616563333538353063346461393937223b61705f6e616d617c733a31303a2242616e672041646d696e223b61705f6c6576656c7c733a353a2261646d696e223b61705f6c6576656c5f63617074696f6e7c733a31333a2241646d696e6973747261746f72223b),
('2d3e7f2fea72363569856c2c97535befb058de9d', '::1', 1565759757, 0x5f5f63695f6c6173745f726567656e65726174657c693a313536353735393733343b61705f69645f757365727c733a313a2231223b61705f70617373776f72647c733a34303a2264303333653232616533343861656235363630666332313430616563333538353063346461393937223b61705f6e616d617c733a31303a2242616e672041646d696e223b61705f6c6576656c7c733a353a2261646d696e223b61705f6c6576656c5f63617074696f6e7c733a31333a2241646d696e6973747261746f72223b);
INSERT INTO `pj_ci_sessions` (`id`, `ip_address`, `timestamp`, `data`) VALUES
('c0b925c2c49c065a38e1c163169c877f31b85efc', '192.168.1.25', 1565763101, 0x5f5f63695f6c6173745f726567656e65726174657c693a313536353736333037343b61705f69645f757365727c733a313a2231223b61705f70617373776f72647c733a34303a2264303333653232616533343861656235363630666332313430616563333538353063346461393937223b61705f6e616d617c733a31303a2242616e672041646d696e223b61705f6c6576656c7c733a353a2261646d696e223b61705f6c6576656c5f63617074696f6e7c733a31333a2241646d696e6973747261746f72223b),
('53fa27967a3ec0431a513b9f1aff6cee08ef07a9', '::1', 1565771651, 0x5f5f63695f6c6173745f726567656e65726174657c693a313536353737313430323b61705f69645f757365727c733a313a2231223b61705f70617373776f72647c733a34303a2264303333653232616533343861656235363630666332313430616563333538353063346461393937223b61705f6e616d617c733a31303a2242616e672041646d696e223b61705f6c6576656c7c733a353a2261646d696e223b61705f6c6576656c5f63617074696f6e7c733a31333a2241646d696e6973747261746f72223b),
('b492df6f752273f97bf113e1373643771ccb50a0', '::1', 1565771784, 0x5f5f63695f6c6173745f726567656e65726174657c693a313536353737313730393b61705f69645f757365727c733a313a2231223b61705f70617373776f72647c733a34303a2264303333653232616533343861656235363630666332313430616563333538353063346461393937223b61705f6e616d617c733a31303a2242616e672041646d696e223b61705f6c6576656c7c733a353a2261646d696e223b61705f6c6576656c5f63617074696f6e7c733a31333a2241646d696e6973747261746f72223b),
('011c22fdc051cd92b9f9937760fe4a1f65dfbe3a', '192.168.1.25', 1565771830, 0x5f5f63695f6c6173745f726567656e65726174657c693a313536353737313831313b61705f69645f757365727c733a313a2231223b61705f70617373776f72647c733a34303a2264303333653232616533343861656235363630666332313430616563333538353063346461393937223b61705f6e616d617c733a31303a2242616e672041646d696e223b61705f6c6576656c7c733a353a2261646d696e223b61705f6c6576656c5f63617074696f6e7c733a31333a2241646d696e6973747261746f72223b),
('d115f2624267d1f10630c74ad74d59f0c52389a0', '::1', 1565841342, 0x5f5f63695f6c6173745f726567656e65726174657c693a313536353834313037373b61705f69645f757365727c733a313a2231223b61705f70617373776f72647c733a34303a2264303333653232616533343861656235363630666332313430616563333538353063346461393937223b61705f6e616d617c733a31303a2242616e672041646d696e223b61705f6c6576656c7c733a353a2261646d696e223b61705f6c6576656c5f63617074696f6e7c733a31333a2241646d696e6973747261746f72223b),
('747300a874be556de64c6d3bb09fc42ded0a7406', '::1', 1565842554, 0x5f5f63695f6c6173745f726567656e65726174657c693a313536353834323233333b61705f69645f757365727c733a313a2231223b61705f70617373776f72647c733a34303a2264303333653232616533343861656235363630666332313430616563333538353063346461393937223b61705f6e616d617c733a31303a2242616e672041646d696e223b61705f6c6576656c7c733a353a2261646d696e223b61705f6c6576656c5f63617074696f6e7c733a31333a2241646d696e6973747261746f72223b),
('288ecd65a8dfcd5c5387546b5ec38761f344ff0c', '::1', 1565842996, 0x5f5f63695f6c6173745f726567656e65726174657c693a313536353834323733383b61705f69645f757365727c733a313a2231223b61705f70617373776f72647c733a34303a2264303333653232616533343861656235363630666332313430616563333538353063346461393937223b61705f6e616d617c733a31303a2242616e672041646d696e223b61705f6c6576656c7c733a353a2261646d696e223b61705f6c6576656c5f63617074696f6e7c733a31333a2241646d696e6973747261746f72223b),
('d27b25aeba9bb82ca00d6496a72d2082d4db9048', '::1', 1565843331, 0x5f5f63695f6c6173745f726567656e65726174657c693a313536353834333038393b61705f69645f757365727c733a313a2231223b61705f70617373776f72647c733a34303a2264303333653232616533343861656235363630666332313430616563333538353063346461393937223b61705f6e616d617c733a31303a2242616e672041646d696e223b61705f6c6576656c7c733a353a2261646d696e223b61705f6c6576656c5f63617074696f6e7c733a31333a2241646d696e6973747261746f72223b),
('4cd03b33abb93bc8b5a83fa2bfa9da15144185fb', '::1', 1565843552, 0x5f5f63695f6c6173745f726567656e65726174657c693a313536353834333433303b61705f69645f757365727c733a313a2231223b61705f70617373776f72647c733a34303a2264303333653232616533343861656235363630666332313430616563333538353063346461393937223b61705f6e616d617c733a31303a2242616e672041646d696e223b61705f6c6576656c7c733a353a2261646d696e223b61705f6c6576656c5f63617074696f6e7c733a31333a2241646d696e6973747261746f72223b),
('e691d1c3be2fe948f7800a2eb6c11147f9c5a7aa', '::1', 1565844420, 0x5f5f63695f6c6173745f726567656e65726174657c693a313536353834343137323b61705f69645f757365727c733a313a2231223b61705f70617373776f72647c733a34303a2264303333653232616533343861656235363630666332313430616563333538353063346461393937223b61705f6e616d617c733a31303a2242616e672041646d696e223b61705f6c6576656c7c733a353a2261646d696e223b61705f6c6576656c5f63617074696f6e7c733a31333a2241646d696e6973747261746f72223b),
('fcd6b30fe189223ccfced63ebe718a2c62df158d', '::1', 1565845025, 0x5f5f63695f6c6173745f726567656e65726174657c693a313536353834343734333b61705f69645f757365727c733a313a2231223b61705f70617373776f72647c733a34303a2264303333653232616533343861656235363630666332313430616563333538353063346461393937223b61705f6e616d617c733a31303a2242616e672041646d696e223b61705f6c6576656c7c733a353a2261646d696e223b61705f6c6576656c5f63617074696f6e7c733a31333a2241646d696e6973747261746f72223b),
('7c202eb3a695be8ba08650835600d263892c5dcd', '::1', 1565845653, 0x5f5f63695f6c6173745f726567656e65726174657c693a313536353834353035373b61705f69645f757365727c733a313a2231223b61705f70617373776f72647c733a34303a2264303333653232616533343861656235363630666332313430616563333538353063346461393937223b61705f6e616d617c733a31303a2242616e672041646d696e223b61705f6c6576656c7c733a353a2261646d696e223b61705f6c6576656c5f63617074696f6e7c733a31333a2241646d696e6973747261746f72223b),
('0404f12f34c89ff323df8616da368287e1ecb441', '::1', 1565845673, 0x5f5f63695f6c6173745f726567656e65726174657c693a313536353834353635343b61705f69645f757365727c733a313a2231223b61705f70617373776f72647c733a34303a2264303333653232616533343861656235363630666332313430616563333538353063346461393937223b61705f6e616d617c733a31303a2242616e672041646d696e223b61705f6c6576656c7c733a353a2261646d696e223b61705f6c6576656c5f63617074696f6e7c733a31333a2241646d696e6973747261746f72223b),
('8c685787b02872429af9f33be70c866dfce4ba1e', '::1', 1565846190, 0x5f5f63695f6c6173745f726567656e65726174657c693a313536353834363131373b61705f69645f757365727c733a313a2231223b61705f70617373776f72647c733a34303a2264303333653232616533343861656235363630666332313430616563333538353063346461393937223b61705f6e616d617c733a31303a2242616e672041646d696e223b61705f6c6576656c7c733a353a2261646d696e223b61705f6c6576656c5f63617074696f6e7c733a31333a2241646d696e6973747261746f72223b),
('3b24682657d4b9cfc2c628073d315de9e755d773', '::1', 1565849182, 0x5f5f63695f6c6173745f726567656e65726174657c693a313536353834383931303b61705f69645f757365727c733a313a2231223b61705f70617373776f72647c733a34303a2264303333653232616533343861656235363630666332313430616563333538353063346461393937223b61705f6e616d617c733a31303a2242616e672041646d696e223b61705f6c6576656c7c733a353a2261646d696e223b61705f6c6576656c5f63617074696f6e7c733a31333a2241646d696e6973747261746f72223b),
('8f24237b4cec2187587c454a9ccae7e982287aee', '::1', 1565849490, 0x5f5f63695f6c6173745f726567656e65726174657c693a313536353834393232363b61705f69645f757365727c733a313a2231223b61705f70617373776f72647c733a34303a2264303333653232616533343861656235363630666332313430616563333538353063346461393937223b61705f6e616d617c733a31303a2242616e672041646d696e223b61705f6c6576656c7c733a353a2261646d696e223b61705f6c6576656c5f63617074696f6e7c733a31333a2241646d696e6973747261746f72223b),
('3b6154eb3f31fbd27d079a5e3c0604f03d6c44a4', '::1', 1565849763, 0x5f5f63695f6c6173745f726567656e65726174657c693a313536353834393730373b61705f69645f757365727c733a313a2231223b61705f70617373776f72647c733a34303a2264303333653232616533343861656235363630666332313430616563333538353063346461393937223b61705f6e616d617c733a31303a2242616e672041646d696e223b61705f6c6576656c7c733a353a2261646d696e223b61705f6c6576656c5f63617074696f6e7c733a31333a2241646d696e6973747261746f72223b),
('f75aaf834d2c33b869837dd4a25dcd254bf0a1ff', '::1', 1565854273, 0x5f5f63695f6c6173745f726567656e65726174657c693a313536353835323230383b61705f69645f757365727c733a313a2231223b61705f70617373776f72647c733a34303a2264303333653232616533343861656235363630666332313430616563333538353063346461393937223b61705f6e616d617c733a31303a2242616e672041646d696e223b61705f6c6576656c7c733a353a2261646d696e223b61705f6c6576656c5f63617074696f6e7c733a31333a2241646d696e6973747261746f72223b),
('e5405171bf68a63a9da437a7362afc2394eb93c2', '::1', 1565854294, 0x5f5f63695f6c6173745f726567656e65726174657c693a313536353835343237343b61705f69645f757365727c733a313a2231223b61705f70617373776f72647c733a34303a2264303333653232616533343861656235363630666332313430616563333538353063346461393937223b61705f6e616d617c733a31303a2242616e672041646d696e223b61705f6c6576656c7c733a353a2261646d696e223b61705f6c6576656c5f63617074696f6e7c733a31333a2241646d696e6973747261746f72223b),
('8e6d07480454cc3044b30890184648ab718c7b65', '::1', 1565854974, 0x5f5f63695f6c6173745f726567656e65726174657c693a313536353835343632343b61705f69645f757365727c733a313a2231223b61705f70617373776f72647c733a34303a2264303333653232616533343861656235363630666332313430616563333538353063346461393937223b61705f6e616d617c733a31303a2242616e672041646d696e223b61705f6c6576656c7c733a353a2261646d696e223b61705f6c6576656c5f63617074696f6e7c733a31333a2241646d696e6973747261746f72223b),
('f558a7792f75aa5e89436a526cfb85fbb515f5f9', '::1', 1565855241, 0x5f5f63695f6c6173745f726567656e65726174657c693a313536353835343938333b61705f69645f757365727c733a313a2231223b61705f70617373776f72647c733a34303a2264303333653232616533343861656235363630666332313430616563333538353063346461393937223b61705f6e616d617c733a31303a2242616e672041646d696e223b61705f6c6576656c7c733a353a2261646d696e223b61705f6c6576656c5f63617074696f6e7c733a31333a2241646d696e6973747261746f72223b),
('a3b727cd66ed28fe42d5cf9a9abd5b40f44979c5', '::1', 1566782658, 0x5f5f63695f6c6173745f726567656e65726174657c693a313536363738323431313b61705f69645f757365727c733a313a2231223b61705f70617373776f72647c733a34303a2264303333653232616533343861656235363630666332313430616563333538353063346461393937223b61705f6e616d617c733a31303a2242616e672041646d696e223b61705f6c6576656c7c733a353a2261646d696e223b61705f6c6576656c5f63617074696f6e7c733a31333a2241646d696e6973747261746f72223b),
('abf385eda2882e6e1fe9241eaa092340742baef5', '::1', 1566782763, 0x5f5f63695f6c6173745f726567656e65726174657c693a313536363738323736313b61705f69645f757365727c733a313a2231223b61705f70617373776f72647c733a34303a2264303333653232616533343861656235363630666332313430616563333538353063346461393937223b61705f6e616d617c733a31303a2242616e672041646d696e223b61705f6c6576656c7c733a353a2261646d696e223b61705f6c6576656c5f63617074696f6e7c733a31333a2241646d696e6973747261746f72223b),
('b54a6b423b92e0dd77f978d674d4081abed88952', '::1', 1566783504, 0x5f5f63695f6c6173745f726567656e65726174657c693a313536363738333234343b61705f69645f757365727c733a313a2231223b61705f70617373776f72647c733a34303a2264303333653232616533343861656235363630666332313430616563333538353063346461393937223b61705f6e616d617c733a31303a2242616e672041646d696e223b61705f6c6576656c7c733a353a2261646d696e223b61705f6c6576656c5f63617074696f6e7c733a31333a2241646d696e6973747261746f72223b),
('3e4c8232b5962fd2477e0792dc51c344551da57f', '::1', 1566783741, 0x5f5f63695f6c6173745f726567656e65726174657c693a313536363738333632393b61705f69645f757365727c733a313a2231223b61705f70617373776f72647c733a34303a2264303333653232616533343861656235363630666332313430616563333538353063346461393937223b61705f6e616d617c733a31303a2242616e672041646d696e223b61705f6c6576656c7c733a353a2261646d696e223b61705f6c6576656c5f63617074696f6e7c733a31333a2241646d696e6973747261746f72223b),
('b9e01a9f23b39edf1f92b8c54500f47a1c8b1d0a', '::1', 1566786033, 0x5f5f63695f6c6173745f726567656e65726174657c693a313536363738353333383b61705f69645f757365727c733a313a2231223b61705f70617373776f72647c733a34303a2264303333653232616533343861656235363630666332313430616563333538353063346461393937223b61705f6e616d617c733a31303a2242616e672041646d696e223b61705f6c6576656c7c733a353a2261646d696e223b61705f6c6576656c5f63617074696f6e7c733a31333a2241646d696e6973747261746f72223b),
('ef38235b453c20dc1c11cef009f6803a61cd0ac2', '::1', 1566786730, 0x5f5f63695f6c6173745f726567656e65726174657c693a313536363738363438353b61705f69645f757365727c733a313a2231223b61705f70617373776f72647c733a34303a2264303333653232616533343861656235363630666332313430616563333538353063346461393937223b61705f6e616d617c733a31303a2242616e672041646d696e223b61705f6c6576656c7c733a353a2261646d696e223b61705f6c6576656c5f63617074696f6e7c733a31333a2241646d696e6973747261746f72223b),
('8eecb7de1a537b6ed71007f3cbc30ea375034c14', '::1', 1566787680, 0x5f5f63695f6c6173745f726567656e65726174657c693a313536363738373036333b61705f69645f757365727c733a313a2231223b61705f70617373776f72647c733a34303a2264303333653232616533343861656235363630666332313430616563333538353063346461393937223b61705f6e616d617c733a31303a2242616e672041646d696e223b61705f6c6576656c7c733a353a2261646d696e223b61705f6c6576656c5f63617074696f6e7c733a31333a2241646d696e6973747261746f72223b),
('cb929cd247c0488a9c0a3094678a89f38f7ede53', '::1', 1566788012, 0x5f5f63695f6c6173745f726567656e65726174657c693a313536363738373834323b61705f69645f757365727c733a313a2231223b61705f70617373776f72647c733a34303a2264303333653232616533343861656235363630666332313430616563333538353063346461393937223b61705f6e616d617c733a31303a2242616e672041646d696e223b61705f6c6576656c7c733a353a2261646d696e223b61705f6c6576656c5f63617074696f6e7c733a31333a2241646d696e6973747261746f72223b),
('3ac1025f8ac79a08064342ef890ce9b7ab4e2536', '::1', 1566788540, 0x5f5f63695f6c6173745f726567656e65726174657c693a313536363738383532313b61705f69645f757365727c733a313a2231223b61705f70617373776f72647c733a34303a2264303333653232616533343861656235363630666332313430616563333538353063346461393937223b61705f6e616d617c733a31303a2242616e672041646d696e223b61705f6c6576656c7c733a353a2261646d696e223b61705f6c6576656c5f63617074696f6e7c733a31333a2241646d696e6973747261746f72223b),
('987061d24fe3cc241bf24e89511222b5829389b6', '::1', 1566789312, 0x5f5f63695f6c6173745f726567656e65726174657c693a313536363738393331323b61705f69645f757365727c733a313a2231223b61705f70617373776f72647c733a34303a2264303333653232616533343861656235363630666332313430616563333538353063346461393937223b61705f6e616d617c733a31303a2242616e672041646d696e223b61705f6c6576656c7c733a353a2261646d696e223b61705f6c6576656c5f63617074696f6e7c733a31333a2241646d696e6973747261746f72223b),
('14ac36cfa56505fb815ac154cc98d3e679f64926', '::1', 1566789918, 0x5f5f63695f6c6173745f726567656e65726174657c693a313536363738393638313b61705f69645f757365727c733a313a2231223b61705f70617373776f72647c733a34303a2264303333653232616533343861656235363630666332313430616563333538353063346461393937223b61705f6e616d617c733a31303a2242616e672041646d696e223b61705f6c6576656c7c733a353a2261646d696e223b61705f6c6576656c5f63617074696f6e7c733a31333a2241646d696e6973747261746f72223b),
('ee6de6baeed856be8602200b03241451761acb76', '::1', 1566790430, 0x5f5f63695f6c6173745f726567656e65726174657c693a313536363739303331343b61705f69645f757365727c733a313a2231223b61705f70617373776f72647c733a34303a2264303333653232616533343861656235363630666332313430616563333538353063346461393937223b61705f6e616d617c733a31303a2242616e672041646d696e223b61705f6c6576656c7c733a353a2261646d696e223b61705f6c6576656c5f63617074696f6e7c733a31333a2241646d696e6973747261746f72223b),
('1c98f42cbd26cd6d24d053e6c6fd42c30d7fba5c', '::1', 1566790945, 0x5f5f63695f6c6173745f726567656e65726174657c693a313536363739303634383b61705f69645f757365727c733a313a2231223b61705f70617373776f72647c733a34303a2264303333653232616533343861656235363630666332313430616563333538353063346461393937223b61705f6e616d617c733a31303a2242616e672041646d696e223b61705f6c6576656c7c733a353a2261646d696e223b61705f6c6576656c5f63617074696f6e7c733a31333a2241646d696e6973747261746f72223b),
('797bf20e77f3b5524de5e757828da3821f3f1884', '::1', 1566791138, 0x5f5f63695f6c6173745f726567656e65726174657c693a313536363739303936383b61705f69645f757365727c733a313a2231223b61705f70617373776f72647c733a34303a2264303333653232616533343861656235363630666332313430616563333538353063346461393937223b61705f6e616d617c733a31303a2242616e672041646d696e223b61705f6c6576656c7c733a353a2261646d696e223b61705f6c6576656c5f63617074696f6e7c733a31333a2241646d696e6973747261746f72223b);

-- --------------------------------------------------------

--
-- Table structure for table `pj_herbalis`
--

CREATE TABLE `pj_herbalis` (
  `id_herbalis` int(11) NOT NULL,
  `nama` varchar(30) NOT NULL,
  `nama_herbalis` varchar(30) NOT NULL
) ENGINE=InnoDB DEFAULT CHARSET=latin1;

--
-- Dumping data for table `pj_herbalis`
--

INSERT INTO `pj_herbalis` (`id_herbalis`, `nama`, `nama_herbalis`) VALUES
(1, 'dr_faruk', 'Dokter Faruk'),
(2, 'dr_tine', 'Dokter Tine');

-- --------------------------------------------------------

--
-- Table structure for table `pj_jasa`
--

CREATE TABLE `pj_jasa` (
  `id_jasa` int(1) NOT NULL,
  `kode_barang` varchar(40) NOT NULL,
  `nama_jasa` varchar(50) NOT NULL,
  `harga` decimal(10,0) NOT NULL,
  `dihapus` enum('tidak','ya') NOT NULL
) ENGINE=InnoDB DEFAULT CHARSET=latin1;

--
-- Dumping data for table `pj_jasa`
--

INSERT INTO `pj_jasa` (`id_jasa`, `kode_barang`, `nama_jasa`, `harga`, `dihapus`) VALUES
(1, '00001', 'Treadmil', '100000', 'tidak'),
(2, '00002', 'EKG', '150000', 'tidak');

-- --------------------------------------------------------

--
-- Table structure for table `pj_kategori_barang`
--

CREATE TABLE `pj_kategori_barang` (
  `id_kategori_barang` mediumint(1) UNSIGNED NOT NULL,
  `kategori` varchar(40) NOT NULL,
  `dihapus` enum('tidak','ya') NOT NULL
) ENGINE=MyISAM DEFAULT CHARSET=latin1;

--
-- Dumping data for table `pj_kategori_barang`
--

INSERT INTO `pj_kategori_barang` (`id_kategori_barang`, `kategori`, `dihapus`) VALUES
(1, 'Herbal', 'tidak'),
(2, 'Kimia', 'tidak');

-- --------------------------------------------------------

--
-- Table structure for table `pj_merk_barang`
--

CREATE TABLE `pj_merk_barang` (
  `id_merk_barang` mediumint(1) UNSIGNED NOT NULL,
  `merk` varchar(40) NOT NULL,
  `dihapus` enum('tidak','ya') NOT NULL
) ENGINE=MyISAM DEFAULT CHARSET=latin1;

--
-- Dumping data for table `pj_merk_barang`
--

INSERT INTO `pj_merk_barang` (`id_merk_barang`, `merk`, `dihapus`) VALUES
(1, 'Adidas', 'tidak'),
(2, 'Nike', 'tidak'),
(3, 'BodyPack', 'tidak'),
(4, 'Jansport', 'tidak'),
(5, 'Nevada', 'tidak'),
(6, 'Jackloth', 'tidak'),
(7, 'Pierro', 'ya'),
(8, 'Pierro', 'ya'),
(9, 'Pierro', 'ya'),
(10, 'Converse', 'tidak'),
(11, 'Piero', 'ya'),
(12, 'Teen', 'ya'),
(13, 'adass2', 'ya'),
(14, 'asda', 'ya'),
(15, 'sada3', 'ya'),
(16, 'asda 3', 'ya'),
(17, '333', 'ya');

-- --------------------------------------------------------

--
-- Table structure for table `pj_pelanggan`
--

CREATE TABLE `pj_pelanggan` (
  `id_pelanggan` mediumint(1) UNSIGNED NOT NULL,
  `nrmp` varchar(20) NOT NULL,
  `nama` varchar(40) NOT NULL,
  `id_herbalis` varchar(30) NOT NULL,
  `alamat` text,
  `telp` varchar(40) DEFAULT NULL,
  `sales` varchar(15) NOT NULL,
  `info_tambahan` text,
  `keterangan` varchar(25) NOT NULL,
  `kode_unik` varchar(30) NOT NULL,
  `waktu_input` datetime NOT NULL,
  `tgl_kembali` varchar(12) NOT NULL,
  `dihapus` enum('tidak','ya') NOT NULL
) ENGINE=MyISAM DEFAULT CHARSET=latin1;

--
-- Dumping data for table `pj_pelanggan`
--

INSERT INTO `pj_pelanggan` (`id_pelanggan`, `nrmp`, `nama`, `id_herbalis`, `alamat`, `telp`, `sales`, `info_tambahan`, `keterangan`, `kode_unik`, `waktu_input`, `tgl_kembali`, `dihapus`) VALUES
(23, '20190711001', 'azis', '0', 'duta mekar asri', '085891658046', 'fendi', '', 'pasien online', '15623756361', '2019-07-06 08:13:56', '', 'tidak'),
(25, '20190711002', 'hasan', '0', 'jakarta', '123456', 'yeski', '', 'pasien online', '15628316831', '2019-07-11 14:54:43', '', 'tidak'),
(28, '20190716001', 'yudi', '0', 'Cileungsi Duta', NULL, 'adang', '', 'pasien online', '15632661381', '2019-07-16 15:35:38', '', 'tidak'),
(29, '20190716002', 'setiawan', '0', '', NULL, 'fendi', '', 'pasien online', '15632662501', '2019-07-16 15:37:30', '', 'tidak'),
(30, '20190718001', 'rival', '1', 'cileungsi', '085891658046', '', '', 'pasien klinik', '15634384436', '2019-07-18 15:27:23', '', 'tidak'),
(31, '14082019001', 'ajun suyadi', '0', '', NULL, '', 'tidak ada', 'pasien klinik', '15657531031', '2019-08-14 10:25:03', '', 'tidak'),
(32, '26082019001', 'ade magenta', 'bn & bw', '', NULL, '', '', 'pasien klinik', '15667833221', '2019-08-26 08:35:22', '2019-09-02', 'tidak'),
(33, '26082019002', 'ade suryadi', 'bt & bw', '', NULL, '', '', 'pasien klinik', '15667835041', '2019-08-26 08:38:24', '2019-09-02', 'tidak');

-- --------------------------------------------------------

--
-- Table structure for table `pj_penjualan_detail`
--

CREATE TABLE `pj_penjualan_detail` (
  `id_penjualan_d` int(1) UNSIGNED NOT NULL,
  `id_penjualan_m` int(1) UNSIGNED NOT NULL,
  `id_barang` int(1) NOT NULL,
  `jumlah_beli` smallint(1) UNSIGNED NOT NULL,
  `harga_satuan` decimal(10,0) NOT NULL,
  `total` decimal(10,0) NOT NULL,
  `tanggal` varchar(15) NOT NULL,
  `nama_sales` varchar(30) NOT NULL,
  `nama_herbalis` varchar(20) NOT NULL,
  `id_pelanggan` int(11) NOT NULL,
  `keterangan` varchar(25) NOT NULL,
  `status` varchar(20) NOT NULL
) ENGINE=MyISAM DEFAULT CHARSET=latin1;

--
-- Dumping data for table `pj_penjualan_detail`
--

INSERT INTO `pj_penjualan_detail` (`id_penjualan_d`, `id_penjualan_m`, `id_barang`, `jumlah_beli`, `harga_satuan`, `total`, `tanggal`, `nama_sales`, `nama_herbalis`, `id_pelanggan`, `keterangan`, `status`) VALUES
(74, 50, 9, 1, '25000', '25000', '2019-07-22 09:2', 'fendi', '', 29, 'pasien online', ''),
(73, 50, 18, 1, '145000', '145000', '2019-07-22 09:2', 'fendi', '', 29, 'pasien online', ''),
(50, 34, 53, 1, '120000', '120000', '2019-07-16', '', 'Dokter Tine', 23, 'pasien klinik', ''),
(51, 35, 47, 5, '145000', '725000', '2019-07-17', '', 'Dokter Faruk', 28, 'pasien klinik', ''),
(52, 36, 2, 1, '120000', '120000', '2019-07-17', '', 'Dokter Faruk', 23, 'pasien klinik', ''),
(53, 37, 3, 1, '100000', '100000', '2019-07-17', '', 'Dokter Faruk', 23, 'pasien klinik', ''),
(54, 37, 2, 1, '120000', '120000', '2019-07-17', '', 'Dokter Faruk', 23, 'pasien klinik', ''),
(55, 38, 4, 1, '150000', '150000', '2019-07-17', '', 'Dokter Tine', 25, 'pasien klinik', ''),
(56, 38, 2, 1, '120000', '120000', '2019-07-17', '', 'Dokter Tine', 25, 'pasien klinik', ''),
(57, 39, 3, 1, '100000', '100000', '2019-07-17', '', 'Dokter Tine', 25, 'pasien klinik', ''),
(58, 39, 47, 1, '145000', '145000', '2019-07-17', '', 'Dokter Tine', 25, 'pasien klinik', ''),
(59, 40, 2, 1, '120000', '120000', '2019-07-18', '', 'Dokter Tine', 25, 'pasien klinik', ''),
(60, 40, 47, 1, '145000', '145000', '2019-07-18', '', 'Dokter Tine', 25, 'pasien klinik', ''),
(61, 40, 3, 1, '100000', '100000', '2019-07-18', '', 'Dokter Tine', 25, 'pasien klinik', ''),
(62, 40, 4, 1, '150000', '150000', '2019-07-18', '', 'Dokter Tine', 25, 'pasien klinik', ''),
(63, 41, 17, 3, '120000', '360000', '2019-07-18', 'adang', '', 30, 'pasien online', ''),
(64, 42, 17, 1, '120000', '120000', '2019-07-18', '', 'Dokter Faruk', 30, 'pasien klinik', ''),
(65, 43, 17, 1, '120000', '120000', '2019-07-18', 'fendi', '', 23, 'pasien online', ''),
(66, 44, 17, 1, '120000', '120000', '2019-07-18', 'fendi', '', 25, 'pasien online', ''),
(67, 44, 18, 1, '145000', '145000', '2019-07-18', 'fendi', '', 25, 'pasien online', ''),
(68, 45, 2, 2, '120000', '240000', '2019-07-20', 'yeski', '', 23, 'pasien online', ''),
(69, 46, 17, 2, '120000', '240000', '2019-07-20', 'fendi', '', 30, 'pasien online', ''),
(70, 47, 18, 4, '145000', '580000', '2019-07-22', 'yeski', '', 30, 'pasien online', ''),
(71, 47, 17, 2, '120000', '240000', '2019-07-22', 'yeski', '', 30, 'pasien online', ''),
(72, 47, 9, 1, '25000', '25000', '2019-07-22', 'yeski', '', 30, 'pasien online', ''),
(80, 53, 17, 1, '120000', '120000', '2019-07-27 09:4', 'yeski', '', 25, 'pasien online', ''),
(79, 53, 18, 2, '145000', '290000', '2019-07-27 09:4', 'yeski', '', 25, 'pasien online', ''),
(81, 53, 9, 1, '15000', '15000', '2019-07-27 09:4', 'yeski', '', 25, 'pasien online', ''),
(84, 56, 18, 1, '145000', '145000', '2019-07-31 05:4', 'fendi', '', 23, 'pasien online', 'ok'),
(86, 58, 47, 1, '145000', '145000', '2019-08-07 04:2', '', 'Dokter Faruk', 23, 'pasien klinik', 'ok'),
(87, 58, 51, 1, '120000', '120000', '2019-08-07 04:2', '', 'Dokter Faruk', 23, 'pasien klinik', 'ok'),
(88, 58, 7, 1, '0', '0', '2019-08-07 04:2', '', 'Dokter Faruk', 23, 'pasien klinik', 'ok'),
(89, 58, 53, 1, '120000', '120000', '2019-08-07 04:2', '', 'Dokter Faruk', 23, 'pasien klinik', 'ok'),
(90, 58, 2, 1, '120000', '120000', '2019-08-07 04:2', '', 'Dokter Faruk', 23, 'pasien klinik', 'ok'),
(91, 58, 3, 1, '100000', '100000', '2019-08-07 04:2', '', 'Dokter Faruk', 23, 'pasien klinik', 'ok'),
(92, 58, 4, 1, '150000', '150000', '2019-08-07 04:2', '', 'Dokter Faruk', 23, 'pasien klinik', 'ok'),
(93, 59, 47, 1, '145000', '145000', '2019-08-10 04:0', '', 'Dokter Tine', 25, 'pasien klinik', 'ok'),
(94, 59, 51, 1, '120000', '120000', '2019-08-10 04:0', '', 'Dokter Tine', 25, 'pasien klinik', 'ok'),
(95, 59, 2, 1, '120000', '120000', '2019-08-10 04:0', '', 'Dokter Tine', 25, 'pasien klinik', 'ok'),
(100, 64, 18, 1, '145000', '145000', '2019-08-12 04:4', 'yeski', '', 25, 'pasien online', 'pending'),
(101, 64, 17, 1, '120000', '120000', '2019-08-12 04:4', 'yeski', '', 25, 'pasien online', 'pending'),
(102, 72, 47, 2, '145000', '290000', '2019-08-12 10:0', '', 'Dokter Faruk', 23, 'pasien klinik', 'pending'),
(103, 72, 3, 1, '100000', '100000', '2019-08-12 10:0', '', 'Dokter Faruk', 23, 'pasien klinik', 'pending'),
(109, 74, 19, 1, '120000', '120000', '2019-08-12 10:0', 'fendi', '', 23, 'pasien online', 'ok'),
(108, 74, 17, 1, '120000', '120000', '2019-08-12 10:0', 'fendi', '', 23, 'pasien online', 'ok'),
(107, 74, 18, 1, '145000', '145000', '2019-08-12 10:0', 'fendi', '', 23, 'pasien online', 'ok'),
(111, 78, 17, 1, '120000', '120000', '2019-08-13 05:0', 'yeski', '', 25, 'pasien online', 'ok'),
(112, 79, 47, 1, '145000', '145000', '2019-08-13 06:4', '', 'Dokter Tine', 25, 'pasien klinik', 'pending'),
(113, 79, 51, 2, '120000', '240000', '2019-08-13 06:4', '', 'Dokter Tine', 25, 'pasien klinik', 'pending'),
(114, 80, 47, 1, '145000', '145000', '2019-08-13 08:5', '', 'Dokter Tine', 25, 'pasien klinik', 'pending'),
(115, 80, 51, 1, '120000', '120000', '2019-08-13 08:5', '', 'Dokter Tine', 25, 'pasien klinik', 'pending'),
(116, 81, 47, 1, '145000', '145000', '2019-08-13 09:2', '', 'Dokter Faruk', 23, 'pasien klinik', 'pending'),
(117, 81, 51, 1, '120000', '120000', '2019-08-13 09:2', '', 'Dokter Faruk', 23, 'pasien klinik', 'pending'),
(118, 82, 18, 1, '145000', '126150', '2019-08-13 09:4', 'yeski', '', 25, 'pasien online', 'ok'),
(119, 82, 17, 1, '120000', '120000', '2019-08-13 09:4', 'yeski', '', 25, 'pasien online', 'ok');

-- --------------------------------------------------------

--
-- Table structure for table `pj_penjualan_master`
--

CREATE TABLE `pj_penjualan_master` (
  `id_penjualan_m` int(1) UNSIGNED NOT NULL,
  `nomor_nota` varchar(40) NOT NULL,
  `tanggal` datetime NOT NULL,
  `grand_total` decimal(10,0) NOT NULL,
  `bayar` decimal(10,0) NOT NULL,
  `keterangan_lain` text,
  `id_pelanggan` mediumint(1) UNSIGNED DEFAULT NULL,
  `nama_herbalis` varchar(30) DEFAULT NULL,
  `nama_sales` varchar(15) NOT NULL,
  `id_user` mediumint(1) UNSIGNED NOT NULL,
  `keterangan` varchar(20) NOT NULL,
  `tanggal_kembali` varchar(20) NOT NULL,
  `status` varchar(20) NOT NULL
) ENGINE=MyISAM DEFAULT CHARSET=latin1;

--
-- Dumping data for table `pj_penjualan_master`
--

INSERT INTO `pj_penjualan_master` (`id_penjualan_m`, `nomor_nota`, `tanggal`, `grand_total`, `bayar`, `keterangan_lain`, `id_pelanggan`, `nama_herbalis`, `nama_sales`, `id_user`, `keterangan`, `tanggal_kembali`, `status`) VALUES
(50, '5D3565AD631053', '2019-07-22 09:28:45', '170000', '170000', '', 29, NULL, 'fendi', 1, 'pasien online', '2019-07-27', ''),
(53, '5D3BFFE4D065F1', '2019-07-27 09:40:20', '425000', '425000', '', 25, NULL, 'yeski', 1, 'pasien online', '2019-07-31', ''),
(34, '5D2D9B843E5751', '2019-07-16 11:40:20', '120000', '120000', '', 23, 'Dokter Tine', '', 1, 'pasien klinik', '0000-00-00 00:00:00', ''),
(35, '5D2E9853D30F61', '2019-07-17 05:38:59', '725000', '725000', '', 28, 'Dokter Faruk', '', 1, 'pasien klinik', '2019-07-27', ''),
(36, '5D2EA050057951', '2019-07-17 06:13:04', '220000', '220000', '', 23, 'Dokter Faruk', '', 1, 'pasien klinik', '2019-07-27', ''),
(37, '5D2ECBA1912111', '2019-07-17 09:17:53', '220000', '220000', '', 23, 'Dokter Faruk', '', 1, 'pasien klinik', '2019-07-27', ''),
(38, '5D2ED254184B91', '2019-07-17 09:46:28', '270000', '270000', '', 25, 'Dokter Tine', '', 1, 'pasien klinik', '2019-07-27', ''),
(39, '5D2ED2BCD9E5B1', '2019-07-17 09:48:12', '245000', '245000', '', 25, 'Dokter Tine', '', 1, 'pasien klinik', '2019-07-27', ''),
(40, '5D300C60957932', '2019-07-18 08:06:24', '515000', '515000', '', 25, 'Dokter Tine', '', 2, 'pasien klinik', '2019-07-27', ''),
(41, '5D302CE7387E36', '2019-07-18 10:25:11', '360000', '360000', '', 30, '', 'adang', 6, 'pasien online', '2019-07-27', ''),
(42, '5D302EA0F3D076', '2019-07-18 10:32:32', '120000', '120000', '', 30, 'Dokter Faruk', '', 6, 'pasien klinik', '2019-07-27', ''),
(43, '5D3034B45EA2A6', '2019-07-18 10:58:28', '120000', '120000', '', 23, '', 'fendi', 6, 'pasien online', '', ''),
(44, '5D30361DB05756', '2019-07-18 11:04:29', '265000', '265000', '', 25, '', 'fendi', 6, 'pasien online', '', ''),
(45, '5D326DC5C275E6', '2019-07-20 03:26:29', '240000', '240000', '', 23, '', 'yeski', 6, 'pasien online', '2019-07-27', ''),
(46, '5D326FC3BE9886', '2019-07-20 03:34:59', '240000', '240000', '', 30, '', 'fendi', 6, 'pasien online', '2019-07-27', ''),
(47, '5D35399BD34DA1', '2019-07-22 06:20:43', '845000', '845000', '', 30, '', 'yeski', 1, 'pasien online', '2019-07-27', ''),
(56, '5D410EE14F74F1', '2019-07-31 05:45:37', '145000', '145000', '', 23, NULL, 'fendi', 1, 'pasien online', 'undefined', 'ok'),
(58, '5D4A372D5E9F11', '2019-08-07 04:27:57', '755000', '755000', '', 23, 'Dokter Faruk', '', 1, 'pasien klinik', '2019-08-31', 'ok'),
(59, '5D4E25C3AE5E01', '2019-08-10 04:02:43', '385000', '385000', '', 25, 'Dokter Tine', '', 1, 'pasien klinik', '2019-08-17', 'ok'),
(64, '5D50D367C48281', '2019-08-12 04:48:07', '265000', '265000', '', 25, NULL, 'yeski', 1, 'pasien online', 'undefined', 'ok'),
(74, '5D511E8CE311C1', '2019-08-12 10:08:44', '385000', '385000', '', 23, NULL, 'fendi', 1, 'pasien online', 'undefined', 'ok'),
(79, '5D5240DCB8A301', '2019-08-13 06:47:24', '385000', '385000', '', 25, 'Dokter Tine', '', 1, 'pasien klinik', '2019-08-17', 'ok'),
(78, '5D5227FC02A991', '2019-08-13 05:01:16', '120000', '120000', '', 25, NULL, 'yeski', 1, 'pasien online', 'undefined', 'ok'),
(72, '5D511D1B3999B1', '2019-08-12 10:02:35', '390000', '390000', '', 23, 'Dokter Faruk', '', 1, 'pasien klinik', '2019-08-17', 'ok'),
(80, '5D525F153818F2', '2019-08-13 08:56:21', '265000', '265000', '', 25, 'Dokter Tine', '', 2, 'pasien klinik', '2019-08-17', 'pending'),
(81, '5D52666CDFBA61', '2019-08-13 09:27:40', '265000', '265000', '', 23, 'Dokter Faruk', '', 1, 'pasien klinik', '2019-08-17', 'tahan'),
(82, '5D526AB55B5E61', '2019-08-13 09:45:57', '246150', '246150', '', 25, NULL, 'yeski', 1, 'pasien online', 'undefined', 'ok');

-- --------------------------------------------------------

--
-- Table structure for table `pj_sales`
--

CREATE TABLE `pj_sales` (
  `id_sales` int(11) NOT NULL,
  `nama_sales` varchar(20) NOT NULL
) ENGINE=InnoDB DEFAULT CHARSET=latin1;

--
-- Dumping data for table `pj_sales`
--

INSERT INTO `pj_sales` (`id_sales`, `nama_sales`) VALUES
(1, 'yeski'),
(2, 'fendi'),
(3, 'adang');

-- --------------------------------------------------------

--
-- Table structure for table `pj_user`
--

CREATE TABLE `pj_user` (
  `id_user` mediumint(1) UNSIGNED NOT NULL,
  `username` varchar(40) NOT NULL,
  `password` varchar(60) NOT NULL,
  `nama` varchar(50) NOT NULL,
  `id_akses` tinyint(1) UNSIGNED NOT NULL,
  `status` enum('Aktif','Non Aktif') NOT NULL,
  `dihapus` enum('tidak','ya') NOT NULL
) ENGINE=MyISAM DEFAULT CHARSET=latin1;

--
-- Dumping data for table `pj_user`
--

INSERT INTO `pj_user` (`id_user`, `username`, `password`, `nama`, `id_akses`, `status`, `dihapus`) VALUES
(1, 'admin', 'd033e22ae348aeb5660fc2140aec35850c4da997', 'Bang Admin', 1, 'Aktif', 'tidak'),
(2, 'kasheila', '7cf74aacb2abfc99f06a07e8d8e70a870b0eb4fa', 'Ka Sheila', 2, 'Aktif', 'tidak'),
(5, 'noni', '8a3cffc017236983cd0597d6f38a67ff4511038b', 'Noni', 3, 'Aktif', 'tidak'),
(6, 'kaindri', 'f600b5c1f61cbd16f63a2e07ae4c69e2a18e7823', 'Ka Indri', 4, 'Aktif', 'tidak');

--
-- Indexes for dumped tables
--

--
-- Indexes for table `pj_akses`
--
ALTER TABLE `pj_akses`
  ADD PRIMARY KEY (`id_akses`);

--
-- Indexes for table `pj_barang`
--
ALTER TABLE `pj_barang`
  ADD PRIMARY KEY (`id_barang`);

--
-- Indexes for table `pj_ci_sessions`
--
ALTER TABLE `pj_ci_sessions`
  ADD KEY `ci_sessions_timestamp` (`timestamp`);

--
-- Indexes for table `pj_herbalis`
--
ALTER TABLE `pj_herbalis`
  ADD PRIMARY KEY (`id_herbalis`);

--
-- Indexes for table `pj_jasa`
--
ALTER TABLE `pj_jasa`
  ADD PRIMARY KEY (`id_jasa`);

--
-- Indexes for table `pj_kategori_barang`
--
ALTER TABLE `pj_kategori_barang`
  ADD PRIMARY KEY (`id_kategori_barang`);

--
-- Indexes for table `pj_merk_barang`
--
ALTER TABLE `pj_merk_barang`
  ADD PRIMARY KEY (`id_merk_barang`);

--
-- Indexes for table `pj_pelanggan`
--
ALTER TABLE `pj_pelanggan`
  ADD PRIMARY KEY (`id_pelanggan`);

--
-- Indexes for table `pj_penjualan_detail`
--
ALTER TABLE `pj_penjualan_detail`
  ADD PRIMARY KEY (`id_penjualan_d`);

--
-- Indexes for table `pj_penjualan_master`
--
ALTER TABLE `pj_penjualan_master`
  ADD PRIMARY KEY (`id_penjualan_m`);

--
-- Indexes for table `pj_sales`
--
ALTER TABLE `pj_sales`
  ADD PRIMARY KEY (`id_sales`);

--
-- Indexes for table `pj_user`
--
ALTER TABLE `pj_user`
  ADD PRIMARY KEY (`id_user`);

--
-- AUTO_INCREMENT for dumped tables
--

--
-- AUTO_INCREMENT for table `pj_akses`
--
ALTER TABLE `pj_akses`
  MODIFY `id_akses` tinyint(1) UNSIGNED NOT NULL AUTO_INCREMENT, AUTO_INCREMENT=6;
--
-- AUTO_INCREMENT for table `pj_barang`
--
ALTER TABLE `pj_barang`
  MODIFY `id_barang` int(1) UNSIGNED NOT NULL AUTO_INCREMENT, AUTO_INCREMENT=65;
--
-- AUTO_INCREMENT for table `pj_herbalis`
--
ALTER TABLE `pj_herbalis`
  MODIFY `id_herbalis` int(11) NOT NULL AUTO_INCREMENT, AUTO_INCREMENT=3;
--
-- AUTO_INCREMENT for table `pj_jasa`
--
ALTER TABLE `pj_jasa`
  MODIFY `id_jasa` int(1) NOT NULL AUTO_INCREMENT, AUTO_INCREMENT=3;
--
-- AUTO_INCREMENT for table `pj_kategori_barang`
--
ALTER TABLE `pj_kategori_barang`
  MODIFY `id_kategori_barang` mediumint(1) UNSIGNED NOT NULL AUTO_INCREMENT, AUTO_INCREMENT=9;
--
-- AUTO_INCREMENT for table `pj_merk_barang`
--
ALTER TABLE `pj_merk_barang`
  MODIFY `id_merk_barang` mediumint(1) UNSIGNED NOT NULL AUTO_INCREMENT, AUTO_INCREMENT=18;
--
-- AUTO_INCREMENT for table `pj_pelanggan`
--
ALTER TABLE `pj_pelanggan`
  MODIFY `id_pelanggan` mediumint(1) UNSIGNED NOT NULL AUTO_INCREMENT, AUTO_INCREMENT=34;
--
-- AUTO_INCREMENT for table `pj_penjualan_detail`
--
ALTER TABLE `pj_penjualan_detail`
  MODIFY `id_penjualan_d` int(1) UNSIGNED NOT NULL AUTO_INCREMENT, AUTO_INCREMENT=120;
--
-- AUTO_INCREMENT for table `pj_penjualan_master`
--
ALTER TABLE `pj_penjualan_master`
  MODIFY `id_penjualan_m` int(1) UNSIGNED NOT NULL AUTO_INCREMENT, AUTO_INCREMENT=83;
--
-- AUTO_INCREMENT for table `pj_sales`
--
ALTER TABLE `pj_sales`
  MODIFY `id_sales` int(11) NOT NULL AUTO_INCREMENT, AUTO_INCREMENT=4;
--
-- AUTO_INCREMENT for table `pj_user`
--
ALTER TABLE `pj_user`
  MODIFY `id_user` mediumint(1) UNSIGNED NOT NULL AUTO_INCREMENT, AUTO_INCREMENT=9;
/*!40101 SET CHARACTER_SET_CLIENT=@OLD_CHARACTER_SET_CLIENT */;
/*!40101 SET CHARACTER_SET_RESULTS=@OLD_CHARACTER_SET_RESULTS */;
/*!40101 SET COLLATION_CONNECTION=@OLD_COLLATION_CONNECTION */;
